user_id,name,city,membership
1,User_1,Chennai,Regular
2,User_2,Pune,Gold
3,User_3,Bangalore,Gold
4,User_4,Bangalore,Regular
5,User_5,Pune,Gold
6,User_6,Pune,Gold
7,User_7,Chennai,Gold
8,User_8,Hyderabad,Regular
9,User_9,Bangalore,Gold
10,User_10,Chennai,Regular
11,User_11,Chennai,Gold
12,User_12,Pune,Regular
13,User_13,Chennai,Gold
14,User_14,Bangalore,Gold
15,User_15,Bangalore,Regular
16,User_16,Chennai,Gold
17,User_17,Hyderabad,Regular
18,User_18,Bangalore,Regular
19,User_19,Hyderabad,Regular
20,User_20,Hyderabad,Gold
21,User_21,Bangalore,Gold
22,User_22,Bangalore,Regular
23,User_23,Chennai,Regular
24,User_24,Hyderabad,Regular
25,User_25,Hyderabad,Gold
26,User_26,Hyderabad,Gold
27,User_27,Pune,Gold
28,User_28,Pune,Regular
29,User_29,Hyderabad,Gold
30,User_30,Bangalore,Gold
31,User_31,Pune,Gold
32,User_32,Bangalore,Regular
33,User_33,Hyderabad,Regular
34,User_34,Chennai,Regular
35,User_35,Hyderabad,Regular
36,User_36,Bangalore,Gold
37,User_37,Bangalore,Regular
38,User_38,Chennai,Gold
39,User_39,Hyderabad,Regular
40,User_40,Hyderabad,Regular
41,User_41,Bangalore,Regular
42,User_42,Bangalore,Regular
43,User_43,Bangalore,Regular
44,User_44,Chennai,Gold
45,User_45,Hyderabad,Gold
46,User_46,Bangalore,Regular
47,User_47,Chennai,Regular
48,User_48,Chennai,Gold
49,User_49,Chennai,Regular
50,User_50,Hyderabad,Regular
51,User_51,Hyderabad,Regular
52,User_52,Chennai,Regular
53,User_53,Hyderabad,Gold
54,User_54,Chennai,Regular
55,User_55,Bangalore,Regular
56,User_56,Chennai,Gold
57,User_57,Pune,Regular
58,User_58,Bangalore,Regular
59,User_59,Bangalore,Regular
60,User_60,Chennai,Gold
61,User_61,Pune,Gold
62,User_62,Bangalore,Gold
63,User_63,Pune,Regular
64,User_64,Pune,Regular
65,User_65,Pune,Regular
66,User_66,Chennai,Gold
67,User_67,Chennai,Regular
68,User_68,Pune,Gold
69,User_69,Pune,Regular
70,User_70,Bangalore,Gold
71,User_71,Chennai,Gold
72,User_72,Chennai,Regular
73,User_73,Chennai,Regular
74,User_74,Pune,Regular
75,User_75,Hyderabad,Gold
76,User_76,Pune,Regular
77,User_77,Pune,Regular
78,User_78,Pune,Gold
79,User_79,Hyderabad,Regular
80,User_80,Chennai,Gold
81,User_81,Chennai,Regular
82,User_82,Hyderabad,Regular
83,User_83,Chennai,Regular
84,User_84,Hyderabad,Regular
85,User_85,Pune,Gold
86,User_86,Chennai,Regular
87,User_87,Hyderabad,Regular
88,User_88,Pune,Gold
89,User_89,Chennai,Regular
90,User_90,Chennai,Gold
91,User_91,Chennai,Regular
92,User_92,Bangalore,Regular
93,User_93,Bangalore,Regular
94,User_94,Chennai,Regular
95,User_95,Bangalore,Gold
96,User_96,Pune,Regular
97,User_97,Bangalore,Gold
98,User_98,Pune,Regular
99,User_99,Pune,Regular
100,User_100,Chennai,Regular
101,User_101,Chennai,Regular
102,User_102,Hyderabad,Regular
103,User_103,Hyderabad,Regular
104,User_104,Hyderabad,Gold
105,User_105,Hyderabad,Gold
106,User_106,Pune,Regular
107,User_107,Pune,Regular
108,User_108,Pune,Regular
109,User_109,Chennai,Regular
110,User_110,Hyderabad,Gold
111,User_111,Bangalore,Regular
112,User_112,Chennai,Gold
113,User_113,Chennai,Gold
114,User_114,Bangalore,Gold
115,User_115,Pune,Gold
116,User_116,Hyderabad,Gold
117,User_117,Pune,Regular
118,User_118,Pune,Regular
119,User_119,Pune,Regular
120,User_120,Chennai,Regular
121,User_121,Pune,Regular
122,User_122,Pune,Gold
123,User_123,Chennai,Gold
124,User_124,Hyderabad,Regular
125,User_125,Bangalore,Regular
126,User_126,Hyderabad,Gold
127,User_127,Chennai,Gold
128,User_128,Hyderabad,Regular
129,User_129,Pune,Gold
130,User_130,Hyderabad,Gold
131,User_131,Chennai,Gold
132,User_132,Hyderabad,Gold
133,User_133,Chennai,Regular
134,User_134,Hyderabad,Regular
135,User_135,Chennai,Regular
136,User_136,Pune,Gold
137,User_137,Hyderabad,Gold
138,User_138,Hyderabad,Gold
139,User_139,Pune,Gold
140,User_140,Chennai,Regular
141,User_141,Pune,Gold
142,User_142,Pune,Regular
143,User_143,Bangalore,Gold
144,User_144,Pune,Regular
145,User_145,Hyderabad,Regular
146,User_146,Bangalore,Regular
147,User_147,Hyderabad,Gold
148,User_148,Pune,Regular
149,User_149,Bangalore,Regular
150,User_150,Chennai,Regular
151,User_151,Bangalore,Regular
152,User_152,Chennai,Regular
153,User_153,Pune,Gold
154,User_154,Hyderabad,Regular
155,User_155,Pune,Gold
156,User_156,Hyderabad,Regular
157,User_157,Bangalore,Gold
158,User_158,Hyderabad,Gold
159,User_159,Chennai,Gold
160,User_160,Chennai,Gold
161,User_161,Pune,Gold
162,User_162,Bangalore,Gold
163,User_163,Chennai,Gold
164,User_164,Chennai,Regular
165,User_165,Chennai,Regular
166,User_166,Hyderabad,Regular
167,User_167,Bangalore,Gold
168,User_168,Hyderabad,Gold
169,User_169,Bangalore,Gold
170,User_170,Hyderabad,Gold
171,User_171,Hyderabad,Regular
172,User_172,Chennai,Gold
173,User_173,Bangalore,Regular
174,User_174,Pune,Gold
175,User_175,Hyderabad,Gold
176,User_176,Hyderabad,Gold
177,User_177,Chennai,Regular
178,User_178,Chennai,Regular
179,User_179,Bangalore,Regular
180,User_180,Pune,Gold
181,User_181,Hyderabad,Regular
182,User_182,Bangalore,Regular
183,User_183,Chennai,Gold
184,User_184,Chennai,Regular
185,User_185,Hyderabad,Gold
186,User_186,Chennai,Regular
187,User_187,Chennai,Gold
188,User_188,Hyderabad,Regular
189,User_189,Bangalore,Gold
190,User_190,Bangalore,Gold
191,User_191,Chennai,Regular
192,User_192,Chennai,Regular
193,User_193,Hyderabad,Gold
194,User_194,Pune,Regular
195,User_195,Hyderabad,Gold
196,User_196,Hyderabad,Gold
197,User_197,Hyderabad,Gold
198,User_198,Pune,Gold
199,User_199,Pune,Gold
200,User_200,Hyderabad,Regular
201,User_201,Chennai,Gold
202,User_202,Chennai,Regular
203,User_203,Pune,Gold
204,User_204,Bangalore,Regular
205,User_205,Pune,Gold
206,User_206,Hyderabad,Regular
207,User_207,Bangalore,Gold
208,User_208,Bangalore,Regular
209,User_209,Pune,Regular
210,User_210,Chennai,Regular
211,User_211,Bangalore,Regular
212,User_212,Pune,Regular
213,User_213,Hyderabad,Gold
214,User_214,Bangalore,Regular
215,User_215,Bangalore,Gold
216,User_216,Pune,Regular
217,User_217,Hyderabad,Regular
218,User_218,Hyderabad,Regular
219,User_219,Chennai,Regular
220,User_220,Pune,Gold
221,User_221,Pune,Regular
222,User_222,Chennai,Gold
223,User_223,Chennai,Gold
224,User_224,Bangalore,Regular
225,User_225,Chennai,Regular
226,User_226,Chennai,Regular
227,User_227,Chennai,Gold
228,User_228,Pune,Regular
229,User_229,Bangalore,Gold
230,User_230,Pune,Gold
231,User_231,Hyderabad,Gold
232,User_232,Pune,Regular
233,User_233,Bangalore,Gold
234,User_234,Chennai,Regular
235,User_235,Hyderabad,Gold
236,User_236,Chennai,Regular
237,User_237,Pune,Gold
238,User_238,Hyderabad,Regular
239,User_239,Pune,Gold
240,User_240,Hyderabad,Gold
241,User_241,Hyderabad,Regular
242,User_242,Chennai,Regular
243,User_243,Bangalore,Regular
244,User_244,Pune,Regular
245,User_245,Chennai,Regular
246,User_246,Hyderabad,Regular
247,User_247,Hyderabad,Regular
248,User_248,Bangalore,Regular
249,User_249,Hyderabad,Gold
250,User_250,Pune,Regular
251,User_251,Pune,Gold
252,User_252,Pune,Regular
253,User_253,Chennai,Regular
254,User_254,Bangalore,Gold
255,User_255,Chennai,Gold
256,User_256,Bangalore,Regular
257,User_257,Chennai,Regular
258,User_258,Chennai,Regular
259,User_259,Bangalore,Gold
260,User_260,Bangalore,Regular
261,User_261,Bangalore,Regular
262,User_262,Chennai,Gold
263,User_263,Hyderabad,Regular
264,User_264,Pune,Regular
265,User_265,Chennai,Regular
266,User_266,Bangalore,Regular
267,User_267,Hyderabad,Regular
268,User_268,Hyderabad,Gold
269,User_269,Bangalore,Gold
270,User_270,Pune,Gold
271,User_271,Pune,Regular
272,User_272,Pune,Regular
273,User_273,Bangalore,Gold
274,User_274,Pune,Gold
275,User_275,Pune,Regular
276,User_276,Chennai,Regular
277,User_277,Pune,Gold
278,User_278,Pune,Gold
279,User_279,Pune,Gold
280,User_280,Bangalore,Gold
281,User_281,Chennai,Regular
282,User_282,Chennai,Gold
283,User_283,Hyderabad,Regular
284,User_284,Chennai,Regular
285,User_285,Hyderabad,Regular
286,User_286,Pune,Gold
287,User_287,Bangalore,Regular
288,User_288,Pune,Regular
289,User_289,Pune,Regular
290,User_290,Hyderabad,Regular
291,User_291,Hyderabad,Gold
292,User_292,Hyderabad,Gold
293,User_293,Bangalore,Gold
294,User_294,Bangalore,Regular
295,User_295,Pune,Regular
296,User_296,Chennai,Regular
297,User_297,Bangalore,Regular
298,User_298,Pune,Gold
299,User_299,Bangalore,Regular
300,User_300,Chennai,Regular
301,User_301,Pune,Gold
302,User_302,Pune,Gold
303,User_303,Pune,Regular
304,User_304,Pune,Regular
305,User_305,Chennai,Regular
306,User_306,Pune,Regular
307,User_307,Bangalore,Regular
308,User_308,Bangalore,Regular
309,User_309,Chennai,Gold
310,User_310,Hyderabad,Regular
311,User_311,Bangalore,Gold
312,User_312,Hyderabad,Gold
313,User_313,Chennai,Regular
314,User_314,Pune,Regular
315,User_315,Chennai,Gold
316,User_316,Pune,Gold
317,User_317,Chennai,Gold
318,User_318,Pune,Regular
319,User_319,Bangalore,Gold
320,User_320,Hyderabad,Gold
321,User_321,Chennai,Regular
322,User_322,Pune,Regular
323,User_323,Bangalore,Regular
324,User_324,Bangalore,Regular
325,User_325,Chennai,Gold
326,User_326,Hyderabad,Regular
327,User_327,Hyderabad,Regular
328,User_328,Pune,Gold
329,User_329,Hyderabad,Regular
330,User_330,Chennai,Regular
331,User_331,Chennai,Regular
332,User_332,Bangalore,Regular
333,User_333,Pune,Gold
334,User_334,Chennai,Gold
335,User_335,Chennai,Gold
336,User_336,Hyderabad,Regular
337,User_337,Pune,Gold
338,User_338,Pune,Gold
339,User_339,Pune,Regular
340,User_340,Chennai,Regular
341,User_341,Hyderabad,Gold
342,User_342,Bangalore,Gold
343,User_343,Chennai,Gold
344,User_344,Chennai,Gold
345,User_345,Chennai,Gold
346,User_346,Chennai,Regular
347,User_347,Pune,Gold
348,User_348,Pune,Gold
349,User_349,Bangalore,Regular
350,User_350,Chennai,Regular
351,User_351,Bangalore,Gold
352,User_352,Chennai,Gold
353,User_353,Chennai,Regular
354,User_354,Chennai,Regular
355,User_355,Hyderabad,Gold
356,User_356,Pune,Gold
357,User_357,Hyderabad,Gold
358,User_358,Bangalore,Gold
359,User_359,Chennai,Regular
360,User_360,Pune,Regular
361,User_361,Pune,Gold
362,User_362,Chennai,Gold
363,User_363,Pune,Regular
364,User_364,Chennai,Gold
365,User_365,Bangalore,Regular
366,User_366,Bangalore,Gold
367,User_367,Bangalore,Gold
368,User_368,Pune,Regular
369,User_369,Bangalore,Gold
370,User_370,Bangalore,Gold
371,User_371,Bangalore,Regular
372,User_372,Chennai,Regular
373,User_373,Hyderabad,Regular
374,User_374,Hyderabad,Regular
375,User_375,Chennai,Gold
376,User_376,Chennai,Gold
377,User_377,Bangalore,Gold
378,User_378,Pune,Gold
379,User_379,Chennai,Gold
380,User_380,Bangalore,Regular
381,User_381,Bangalore,Regular
382,User_382,Bangalore,Regular
383,User_383,Hyderabad,Regular
384,User_384,Pune,Gold
385,User_385,Bangalore,Gold
386,User_386,Pune,Regular
387,User_387,Bangalore,Regular
388,User_388,Chennai,Gold
389,User_389,Bangalore,Regular
390,User_390,Chennai,Gold
391,User_391,Pune,Gold
392,User_392,Chennai,Regular
393,User_393,Pune,Gold
394,User_394,Pune,Gold
395,User_395,Bangalore,Regular
396,User_396,Pune,Regular
397,User_397,Pune,Regular
398,User_398,Pune,Gold
399,User_399,Bangalore,Regular
400,User_400,Hyderabad,Regular
401,User_401,Chennai,Regular
402,User_402,Hyderabad,Regular
403,User_403,Chennai,Regular
404,User_404,Hyderabad,Gold
405,User_405,Chennai,Regular
406,User_406,Bangalore,Regular
407,User_407,Pune,Gold
408,User_408,Chennai,Gold
409,User_409,Chennai,Regular
410,User_410,Chennai,Gold
411,User_411,Pune,Gold
412,User_412,Pune,Regular
413,User_413,Pune,Gold
414,User_414,Chennai,Gold
415,User_415,Pune,Gold
416,User_416,Hyderabad,Regular
417,User_417,Bangalore,Regular
418,User_418,Bangalore,Regular
419,User_419,Chennai,Regular
420,User_420,Pune,Regular
421,User_421,Chennai,Gold
422,User_422,Chennai,Regular
423,User_423,Chennai,Gold
424,User_424,Bangalore,Gold
425,User_425,Pune,Gold
426,User_426,Pune,Regular
427,User_427,Pune,Gold
428,User_428,Hyderabad,Regular
429,User_429,Hyderabad,Gold
430,User_430,Hyderabad,Gold
431,User_431,Chennai,Regular
432,User_432,Pune,Regular
433,User_433,Pune,Regular
434,User_434,Bangalore,Gold
435,User_435,Hyderabad,Gold
436,User_436,Bangalore,Gold
437,User_437,Bangalore,Gold
438,User_438,Pune,Regular
439,User_439,Pune,Gold
440,User_440,Chennai,Gold
441,User_441,Hyderabad,Gold
442,User_442,Chennai,Gold
443,User_443,Hyderabad,Regular
444,User_444,Pune,Gold
445,User_445,Chennai,Regular
446,User_446,Pune,Gold
447,User_447,Hyderabad,Regular
448,User_448,Chennai,Regular
449,User_449,Pune,Regular
450,User_450,Bangalore,Regular
451,User_451,Hyderabad,Regular
452,User_452,Bangalore,Gold
453,User_453,Hyderabad,Regular
454,User_454,Bangalore,Gold
455,User_455,Chennai,Gold
456,User_456,Pune,Regular
457,User_457,Chennai,Regular
458,User_458,Bangalore,Regular
459,User_459,Hyderabad,Regular
460,User_460,Chennai,Regular
461,User_461,Bangalore,Gold
462,User_462,Chennai,Gold
463,User_463,Pune,Regular
464,User_464,Chennai,Regular
465,User_465,Pune,Gold
466,User_466,Pune,Regular
467,User_467,Chennai,Regular
468,User_468,Bangalore,Regular
469,User_469,Chennai,Regular
470,User_470,Chennai,Regular
471,User_471,Hyderabad,Gold
472,User_472,Hyderabad,Gold
473,User_473,Pune,Regular
474,User_474,Chennai,Regular
475,User_475,Bangalore,Gold
476,User_476,Pune,Regular
477,User_477,Pune,Gold
478,User_478,Pune,Regular
479,User_479,Chennai,Regular
480,User_480,Pune,Regular
481,User_481,Pune,Gold
482,User_482,Hyderabad,Regular
483,User_483,Pune,Gold
484,User_484,Hyderabad,Regular
485,User_485,Bangalore,Gold
486,User_486,Chennai,Gold
487,User_487,Hyderabad,Regular
488,User_488,Pune,Gold
489,User_489,Hyderabad,Gold
490,User_490,Bangalore,Gold
491,User_491,Bangalore,Gold
492,User_492,Bangalore,Regular
493,User_493,Bangalore,Gold
494,User_494,Hyderabad,Regular
495,User_495,Pune,Gold
496,User_496,Chennai,Regular
497,User_497,Hyderabad,Regular
498,User_498,Pune,Regular
499,User_499,Bangalore,Regular
500,User_500,Chennai,Regular
501,User_501,Bangalore,Gold
502,User_502,Pune,Regular
503,User_503,Bangalore,Gold
504,User_504,Bangalore,Gold
505,User_505,Hyderabad,Gold
506,User_506,Bangalore,Gold
507,User_507,Chennai,Regular
508,User_508,Pune,Gold
509,User_509,Bangalore,Regular
510,User_510,Chennai,Regular
511,User_511,Chennai,Regular
512,User_512,Hyderabad,Regular
513,User_513,Bangalore,Regular
514,User_514,Bangalore,Gold
515,User_515,Chennai,Regular
516,User_516,Hyderabad,Regular
517,User_517,Chennai,Regular
518,User_518,Hyderabad,Regular
519,User_519,Pune,Regular
520,User_520,Chennai,Regular
521,User_521,Pune,Gold
522,User_522,Bangalore,Gold
523,User_523,Chennai,Regular
524,User_524,Chennai,Regular
525,User_525,Bangalore,Gold
526,User_526,Hyderabad,Regular
527,User_527,Bangalore,Gold
528,User_528,Bangalore,Regular
529,User_529,Pune,Gold
530,User_530,Pune,Regular
531,User_531,Chennai,Regular
532,User_532,Hyderabad,Gold
533,User_533,Pune,Regular
534,User_534,Bangalore,Gold
535,User_535,Pune,Gold
536,User_536,Hyderabad,Regular
537,User_537,Bangalore,Regular
538,User_538,Pune,Regular
539,User_539,Chennai,Gold
540,User_540,Pune,Gold
541,User_541,Pune,Gold
542,User_542,Bangalore,Gold
543,User_543,Pune,Regular
544,User_544,Chennai,Gold
545,User_545,Pune,Regular
546,User_546,Bangalore,Gold
547,User_547,Bangalore,Gold
548,User_548,Chennai,Regular
549,User_549,Pune,Gold
550,User_550,Chennai,Gold
551,User_551,Hyderabad,Regular
552,User_552,Hyderabad,Regular
553,User_553,Pune,Gold
554,User_554,Chennai,Gold
555,User_555,Bangalore,Regular
556,User_556,Chennai,Regular
557,User_557,Bangalore,Regular
558,User_558,Hyderabad,Regular
559,User_559,Hyderabad,Regular
560,User_560,Bangalore,Gold
561,User_561,Bangalore,Regular
562,User_562,Bangalore,Gold
563,User_563,Pune,Regular
564,User_564,Pune,Regular
565,User_565,Bangalore,Regular
566,User_566,Chennai,Regular
567,User_567,Hyderabad,Gold
568,User_568,Bangalore,Regular
569,User_569,Hyderabad,Gold
570,User_570,Bangalore,Gold
571,User_571,Pune,Regular
572,User_572,Chennai,Gold
573,User_573,Bangalore,Gold
574,User_574,Chennai,Regular
575,User_575,Bangalore,Gold
576,User_576,Pune,Gold
577,User_577,Chennai,Gold
578,User_578,Hyderabad,Regular
579,User_579,Pune,Gold
580,User_580,Pune,Regular
581,User_581,Chennai,Gold
582,User_582,Chennai,Gold
583,User_583,Pune,Gold
584,User_584,Bangalore,Gold
585,User_585,Chennai,Regular
586,User_586,Bangalore,Gold
587,User_587,Chennai,Regular
588,User_588,Pune,Regular
589,User_589,Pune,Gold
590,User_590,Bangalore,Regular
591,User_591,Hyderabad,Regular
592,User_592,Hyderabad,Gold
593,User_593,Hyderabad,Gold
594,User_594,Bangalore,Gold
595,User_595,Chennai,Regular
596,User_596,Bangalore,Gold
597,User_597,Hyderabad,Regular
598,User_598,Hyderabad,Gold
599,User_599,Hyderabad,Gold
600,User_600,Chennai,Gold
601,User_601,Hyderabad,Regular
602,User_602,Pune,Regular
603,User_603,Bangalore,Gold
604,User_604,Pune,Gold
605,User_605,Bangalore,Gold
606,User_606,Hyderabad,Gold
607,User_607,Hyderabad,Regular
608,User_608,Hyderabad,Regular
609,User_609,Bangalore,Gold
610,User_610,Pune,Gold
611,User_611,Pune,Gold
612,User_612,Bangalore,Regular
613,User_613,Chennai,Regular
614,User_614,Hyderabad,Regular
615,User_615,Bangalore,Gold
616,User_616,Chennai,Gold
617,User_617,Chennai,Regular
618,User_618,Chennai,Regular
619,User_619,Bangalore,Gold
620,User_620,Pune,Regular
621,User_621,Bangalore,Regular
622,User_622,Hyderabad,Regular
623,User_623,Pune,Gold
624,User_624,Pune,Gold
625,User_625,Bangalore,Gold
626,User_626,Hyderabad,Gold
627,User_627,Pune,Regular
628,User_628,Pune,Regular
629,User_629,Bangalore,Gold
630,User_630,Chennai,Gold
631,User_631,Chennai,Gold
632,User_632,Chennai,Gold
633,User_633,Pune,Gold
634,User_634,Hyderabad,Regular
635,User_635,Pune,Regular
636,User_636,Chennai,Regular
637,User_637,Hyderabad,Gold
638,User_638,Hyderabad,Regular
639,User_639,Hyderabad,Gold
640,User_640,Hyderabad,Regular
641,User_641,Hyderabad,Gold
642,User_642,Bangalore,Gold
643,User_643,Pune,Gold
644,User_644,Pune,Regular
645,User_645,Hyderabad,Gold
646,User_646,Pune,Gold
647,User_647,Hyderabad,Gold
648,User_648,Chennai,Gold
649,User_649,Pune,Gold
650,User_650,Chennai,Gold
651,User_651,Hyderabad,Regular
652,User_652,Bangalore,Regular
653,User_653,Chennai,Regular
654,User_654,Chennai,Regular
655,User_655,Bangalore,Gold
656,User_656,Pune,Gold
657,User_657,Bangalore,Regular
658,User_658,Pune,Regular
659,User_659,Hyderabad,Gold
660,User_660,Chennai,Gold
661,User_661,Bangalore,Regular
662,User_662,Hyderabad,Regular
663,User_663,Hyderabad,Regular
664,User_664,Pune,Regular
665,User_665,Pune,Gold
666,User_666,Hyderabad,Regular
667,User_667,Bangalore,Gold
668,User_668,Bangalore,Regular
669,User_669,Chennai,Gold
670,User_670,Pune,Gold
671,User_671,Chennai,Regular
672,User_672,Bangalore,Regular
673,User_673,Chennai,Regular
674,User_674,Chennai,Regular
675,User_675,Bangalore,Gold
676,User_676,Hyderabad,Gold
677,User_677,Chennai,Gold
678,User_678,Bangalore,Regular
679,User_679,Chennai,Regular
680,User_680,Bangalore,Gold
681,User_681,Chennai,Gold
682,User_682,Hyderabad,Regular
683,User_683,Hyderabad,Regular
684,User_684,Hyderabad,Gold
685,User_685,Pune,Gold
686,User_686,Chennai,Regular
687,User_687,Chennai,Gold
688,User_688,Hyderabad,Gold
689,User_689,Hyderabad,Gold
690,User_690,Hyderabad,Gold
691,User_691,Chennai,Gold
692,User_692,Hyderabad,Gold
693,User_693,Bangalore,Regular
694,User_694,Bangalore,Gold
695,User_695,Pune,Gold
696,User_696,Hyderabad,Regular
697,User_697,Bangalore,Gold
698,User_698,Hyderabad,Regular
699,User_699,Bangalore,Regular
700,User_700,Pune,Gold
701,User_701,Hyderabad,Regular
702,User_702,Pune,Regular
703,User_703,Pune,Gold
704,User_704,Chennai,Regular
705,User_705,Bangalore,Regular
706,User_706,Bangalore,Gold
707,User_707,Chennai,Gold
708,User_708,Pune,Regular
709,User_709,Hyderabad,Regular
710,User_710,Hyderabad,Regular
711,User_711,Bangalore,Regular
712,User_712,Bangalore,Regular
713,User_713,Pune,Gold
714,User_714,Hyderabad,Gold
715,User_715,Bangalore,Regular
716,User_716,Pune,Gold
717,User_717,Chennai,Gold
718,User_718,Chennai,Regular
719,User_719,Chennai,Gold
720,User_720,Hyderabad,Gold
721,User_721,Chennai,Gold
722,User_722,Pune,Gold
723,User_723,Bangalore,Gold
724,User_724,Hyderabad,Regular
725,User_725,Bangalore,Gold
726,User_726,Bangalore,Gold
727,User_727,Pune,Regular
728,User_728,Hyderabad,Gold
729,User_729,Bangalore,Regular
730,User_730,Bangalore,Regular
731,User_731,Bangalore,Regular
732,User_732,Bangalore,Regular
733,User_733,Chennai,Gold
734,User_734,Hyderabad,Gold
735,User_735,Bangalore,Gold
736,User_736,Pune,Gold
737,User_737,Bangalore,Gold
738,User_738,Hyderabad,Gold
739,User_739,Hyderabad,Gold
740,User_740,Hyderabad,Gold
741,User_741,Chennai,Gold
742,User_742,Bangalore,Regular
743,User_743,Bangalore,Gold
744,User_744,Chennai,Gold
745,User_745,Bangalore,Gold
746,User_746,Bangalore,Regular
747,User_747,Pune,Regular
748,User_748,Pune,Regular
749,User_749,Bangalore,Regular
750,User_750,Pune,Gold
751,User_751,Hyderabad,Gold
752,User_752,Hyderabad,Gold
753,User_753,Hyderabad,Gold
754,User_754,Pune,Regular
755,User_755,Chennai,Regular
756,User_756,Hyderabad,Gold
757,User_757,Pune,Gold
758,User_758,Chennai,Regular
759,User_759,Chennai,Regular
760,User_760,Chennai,Regular
761,User_761,Pune,Regular
762,User_762,Bangalore,Gold
763,User_763,Pune,Gold
764,User_764,Hyderabad,Regular
765,User_765,Hyderabad,Gold
766,User_766,Chennai,Gold
767,User_767,Hyderabad,Gold
768,User_768,Chennai,Gold
769,User_769,Hyderabad,Regular
770,User_770,Bangalore,Regular
771,User_771,Bangalore,Regular
772,User_772,Bangalore,Gold
773,User_773,Pune,Gold
774,User_774,Bangalore,Gold
775,User_775,Chennai,Regular
776,User_776,Bangalore,Gold
777,User_777,Chennai,Gold
778,User_778,Hyderabad,Gold
779,User_779,Hyderabad,Regular
780,User_780,Bangalore,Gold
781,User_781,Bangalore,Regular
782,User_782,Hyderabad,Gold
783,User_783,Bangalore,Regular
784,User_784,Hyderabad,Regular
785,User_785,Chennai,Gold
786,User_786,Hyderabad,Gold
787,User_787,Pune,Gold
788,User_788,Bangalore,Gold
789,User_789,Pune,Regular
790,User_790,Bangalore,Regular
791,User_791,Pune,Regular
792,User_792,Chennai,Gold
793,User_793,Pune,Regular
794,User_794,Bangalore,Regular
795,User_795,Bangalore,Regular
796,User_796,Pune,Regular
797,User_797,Bangalore,Regular
798,User_798,Pune,Regular
799,User_799,Chennai,Regular
800,User_800,Pune,Regular
801,User_801,Bangalore,Regular
802,User_802,Hyderabad,Gold
803,User_803,Hyderabad,Regular
804,User_804,Bangalore,Gold
805,User_805,Pune,Gold
806,User_806,Bangalore,Gold
807,User_807,Chennai,Gold
808,User_808,Bangalore,Gold
809,User_809,Pune,Gold
810,User_810,Pune,Regular
811,User_811,Pune,Gold
812,User_812,Bangalore,Regular
813,User_813,Bangalore,Gold
814,User_814,Hyderabad,Regular
815,User_815,Chennai,Gold
816,User_816,Chennai,Regular
817,User_817,Hyderabad,Regular
818,User_818,Chennai,Regular
819,User_819,Pune,Regular
820,User_820,Bangalore,Regular
821,User_821,Chennai,Gold
822,User_822,Bangalore,Gold
823,User_823,Pune,Gold
824,User_824,Hyderabad,Regular
825,User_825,Chennai,Gold
826,User_826,Hyderabad,Gold
827,User_827,Chennai,Gold
828,User_828,Hyderabad,Gold
829,User_829,Pune,Regular
830,User_830,Hyderabad,Gold
831,User_831,Pune,Regular
832,User_832,Chennai,Regular
833,User_833,Bangalore,Regular
834,User_834,Chennai,Gold
835,User_835,Pune,Regular
836,User_836,Bangalore,Gold
837,User_837,Bangalore,Gold
838,User_838,Bangalore,Gold
839,User_839,Chennai,Gold
840,User_840,Bangalore,Gold
841,User_841,Pune,Gold
842,User_842,Pune,Regular
843,User_843,Pune,Gold
844,User_844,Chennai,Gold
845,User_845,Bangalore,Gold
846,User_846,Hyderabad,Gold
847,User_847,Pune,Gold
848,User_848,Pune,Regular
849,User_849,Pune,Regular
850,User_850,Chennai,Regular
851,User_851,Hyderabad,Gold
852,User_852,Bangalore,Gold
853,User_853,Chennai,Regular
854,User_854,Hyderabad,Gold
855,User_855,Chennai,Gold
856,User_856,Pune,Regular
857,User_857,Pune,Regular
858,User_858,Hyderabad,Gold
859,User_859,Hyderabad,Gold
860,User_860,Pune,Regular
861,User_861,Chennai,Regular
862,User_862,Hyderabad,Regular
863,User_863,Bangalore,Gold
864,User_864,Hyderabad,Gold
865,User_865,Bangalore,Regular
866,User_866,Bangalore,Gold
867,User_867,Bangalore,Regular
868,User_868,Bangalore,Gold
869,User_869,Chennai,Regular
870,User_870,Bangalore,Gold
871,User_871,Chennai,Gold
872,User_872,Hyderabad,Gold
873,User_873,Pune,Gold
874,User_874,Pune,Gold
875,User_875,Hyderabad,Regular
876,User_876,Hyderabad,Regular
877,User_877,Pune,Gold
878,User_878,Chennai,Regular
879,User_879,Hyderabad,Regular
880,User_880,Pune,Regular
881,User_881,Hyderabad,Regular
882,User_882,Pune,Gold
883,User_883,Pune,Gold
884,User_884,Pune,Gold
885,User_885,Chennai,Gold
886,User_886,Bangalore,Regular
887,User_887,Chennai,Regular
888,User_888,Hyderabad,Gold
889,User_889,Pune,Gold
890,User_890,Chennai,Gold
891,User_891,Pune,Regular
892,User_892,Bangalore,Gold
893,User_893,Pune,Gold
894,User_894,Chennai,Regular
895,User_895,Hyderabad,Gold
896,User_896,Chennai,Gold
897,User_897,Bangalore,Gold
898,User_898,Hyderabad,Gold
899,User_899,Pune,Regular
900,User_900,Hyderabad,Regular
901,User_901,Bangalore,Regular
902,User_902,Bangalore,Gold
903,User_903,Bangalore,Gold
904,User_904,Chennai,Gold
905,User_905,Bangalore,Regular
906,User_906,Hyderabad,Gold
907,User_907,Bangalore,Regular
908,User_908,Chennai,Gold
909,User_909,Bangalore,Regular
910,User_910,Bangalore,Gold
911,User_911,Chennai,Regular
912,User_912,Bangalore,Regular
913,User_913,Hyderabad,Gold
914,User_914,Bangalore,Regular
915,User_915,Hyderabad,Gold
916,User_916,Bangalore,Regular
917,User_917,Chennai,Regular
918,User_918,Bangalore,Gold
919,User_919,Bangalore,Gold
920,User_920,Chennai,Regular
921,User_921,Bangalore,Regular
922,User_922,Pune,Gold
923,User_923,Chennai,Gold
924,User_924,Chennai,Regular
925,User_925,Chennai,Regular
926,User_926,Pune,Gold
927,User_927,Chennai,Regular
928,User_928,Bangalore,Regular
929,User_929,Chennai,Gold
930,User_930,Bangalore,Regular
931,User_931,Pune,Regular
932,User_932,Hyderabad,Regular
933,User_933,Hyderabad,Regular
934,User_934,Bangalore,Regular
935,User_935,Bangalore,Regular
936,User_936,Pune,Gold
937,User_937,Chennai,Gold
938,User_938,Chennai,Gold
939,User_939,Chennai,Regular
940,User_940,Hyderabad,Regular
941,User_941,Chennai,Regular
942,User_942,Bangalore,Regular
943,User_943,Chennai,Regular
944,User_944,Bangalore,Regular
945,User_945,Chennai,Gold
946,User_946,Hyderabad,Regular
947,User_947,Pune,Regular
948,User_948,Pune,Regular
949,User_949,Chennai,Regular
950,User_950,Chennai,Regular
951,User_951,Chennai,Gold
952,User_952,Chennai,Gold
953,User_953,Bangalore,Gold
954,User_954,Chennai,Gold
955,User_955,Pune,Regular
956,User_956,Chennai,Gold
957,User_957,Bangalore,Gold
958,User_958,Chennai,Gold
959,User_959,Chennai,Gold
960,User_960,Pune,Gold
961,User_961,Bangalore,Regular
962,User_962,Pune,Gold
963,User_963,Chennai,Gold
964,User_964,Pune,Regular
965,User_965,Chennai,Gold
966,User_966,Hyderabad,Gold
967,User_967,Pune,Gold
968,User_968,Bangalore,Regular
969,User_969,Pune,Regular
970,User_970,Bangalore,Regular
971,User_971,Pune,Regular
972,User_972,Hyderabad,Regular
973,User_973,Hyderabad,Regular
974,User_974,Bangalore,Regular
975,User_975,Pune,Regular
976,User_976,Bangalore,Regular
977,User_977,Hyderabad,Gold
978,User_978,Pune,Regular
979,User_979,Hyderabad,Gold
980,User_980,Chennai,Gold
981,User_981,Bangalore,Gold
982,User_982,Hyderabad,Regular
983,User_983,Pune,Regular
984,User_984,Hyderabad,Regular
985,User_985,Bangalore,Regular
986,User_986,Chennai,Gold
987,User_987,Bangalore,Regular
988,User_988,Chennai,Gold
989,User_989,Chennai,Gold
990,User_990,Bangalore,Regular
991,User_991,Pune,Regular
992,User_992,Bangalore,Gold
993,User_993,Chennai,Gold
994,User_994,Bangalore,Regular
995,User_995,Hyderabad,Regular
996,User_996,Chennai,Gold
997,User_997,Chennai,Gold
998,User_998,Bangalore,Regular
999,User_999,Bangalore,Regular
1000,User_1000,Pune,Gold
1001,User_1001,Bangalore,Regular
1002,User_1002,Pune,Regular
1003,User_1003,Bangalore,Regular
1004,User_1004,Bangalore,Regular
1005,User_1005,Chennai,Gold
1006,User_1006,Chennai,Regular
1007,User_1007,Bangalore,Gold
1008,User_1008,Pune,Regular
1009,User_1009,Pune,Regular
1010,User_1010,Hyderabad,Regular
1011,User_1011,Pune,Regular
1012,User_1012,Chennai,Gold
1013,User_1013,Pune,Gold
1014,User_1014,Pune,Gold
1015,User_1015,Chennai,Gold
1016,User_1016,Hyderabad,Gold
1017,User_1017,Bangalore,Regular
1018,User_1018,Bangalore,Gold
1019,User_1019,Hyderabad,Gold
1020,User_1020,Hyderabad,Regular
1021,User_1021,Bangalore,Regular
1022,User_1022,Bangalore,Regular
1023,User_1023,Hyderabad,Regular
1024,User_1024,Chennai,Gold
1025,User_1025,Pune,Gold
1026,User_1026,Chennai,Gold
1027,User_1027,Chennai,Gold
1028,User_1028,Bangalore,Gold
1029,User_1029,Bangalore,Gold
1030,User_1030,Chennai,Regular
1031,User_1031,Hyderabad,Regular
1032,User_1032,Bangalore,Regular
1033,User_1033,Bangalore,Regular
1034,User_1034,Bangalore,Gold
1035,User_1035,Pune,Gold
1036,User_1036,Bangalore,Regular
1037,User_1037,Chennai,Regular
1038,User_1038,Bangalore,Regular
1039,User_1039,Chennai,Regular
1040,User_1040,Chennai,Regular
1041,User_1041,Bangalore,Regular
1042,User_1042,Pune,Gold
1043,User_1043,Pune,Gold
1044,User_1044,Bangalore,Regular
1045,User_1045,Pune,Gold
1046,User_1046,Chennai,Regular
1047,User_1047,Chennai,Regular
1048,User_1048,Pune,Regular
1049,User_1049,Pune,Regular
1050,User_1050,Chennai,Regular
1051,User_1051,Pune,Regular
1052,User_1052,Pune,Regular
1053,User_1053,Hyderabad,Regular
1054,User_1054,Chennai,Regular
1055,User_1055,Bangalore,Regular
1056,User_1056,Bangalore,Regular
1057,User_1057,Hyderabad,Regular
1058,User_1058,Hyderabad,Regular
1059,User_1059,Hyderabad,Regular
1060,User_1060,Chennai,Gold
1061,User_1061,Bangalore,Gold
1062,User_1062,Chennai,Regular
1063,User_1063,Pune,Regular
1064,User_1064,Pune,Regular
1065,User_1065,Chennai,Regular
1066,User_1066,Bangalore,Regular
1067,User_1067,Bangalore,Regular
1068,User_1068,Bangalore,Regular
1069,User_1069,Chennai,Regular
1070,User_1070,Hyderabad,Gold
1071,User_1071,Hyderabad,Gold
1072,User_1072,Bangalore,Regular
1073,User_1073,Chennai,Regular
1074,User_1074,Pune,Regular
1075,User_1075,Bangalore,Regular
1076,User_1076,Hyderabad,Gold
1077,User_1077,Chennai,Regular
1078,User_1078,Hyderabad,Gold
1079,User_1079,Bangalore,Gold
1080,User_1080,Chennai,Regular
1081,User_1081,Hyderabad,Gold
1082,User_1082,Hyderabad,Regular
1083,User_1083,Hyderabad,Regular
1084,User_1084,Bangalore,Gold
1085,User_1085,Bangalore,Gold
1086,User_1086,Bangalore,Gold
1087,User_1087,Pune,Regular
1088,User_1088,Bangalore,Gold
1089,User_1089,Hyderabad,Regular
1090,User_1090,Pune,Regular
1091,User_1091,Pune,Gold
1092,User_1092,Pune,Gold
1093,User_1093,Pune,Regular
1094,User_1094,Bangalore,Regular
1095,User_1095,Pune,Regular
1096,User_1096,Hyderabad,Regular
1097,User_1097,Chennai,Gold
1098,User_1098,Bangalore,Regular
1099,User_1099,Bangalore,Regular
1100,User_1100,Pune,Regular
1101,User_1101,Hyderabad,Regular
1102,User_1102,Chennai,Regular
1103,User_1103,Hyderabad,Regular
1104,User_1104,Bangalore,Regular
1105,User_1105,Chennai,Gold
1106,User_1106,Bangalore,Gold
1107,User_1107,Pune,Gold
1108,User_1108,Pune,Gold
1109,User_1109,Chennai,Gold
1110,User_1110,Pune,Gold
1111,User_1111,Hyderabad,Gold
1112,User_1112,Pune,Gold
1113,User_1113,Pune,Regular
1114,User_1114,Bangalore,Gold
1115,User_1115,Chennai,Regular
1116,User_1116,Chennai,Gold
1117,User_1117,Hyderabad,Regular
1118,User_1118,Pune,Gold
1119,User_1119,Bangalore,Gold
1120,User_1120,Hyderabad,Gold
1121,User_1121,Chennai,Gold
1122,User_1122,Chennai,Regular
1123,User_1123,Bangalore,Regular
1124,User_1124,Chennai,Regular
1125,User_1125,Chennai,Gold
1126,User_1126,Bangalore,Gold
1127,User_1127,Pune,Gold
1128,User_1128,Pune,Gold
1129,User_1129,Bangalore,Regular
1130,User_1130,Chennai,Gold
1131,User_1131,Bangalore,Regular
1132,User_1132,Pune,Regular
1133,User_1133,Chennai,Gold
1134,User_1134,Bangalore,Gold
1135,User_1135,Bangalore,Regular
1136,User_1136,Hyderabad,Gold
1137,User_1137,Chennai,Regular
1138,User_1138,Hyderabad,Gold
1139,User_1139,Hyderabad,Regular
1140,User_1140,Hyderabad,Regular
1141,User_1141,Pune,Gold
1142,User_1142,Pune,Regular
1143,User_1143,Pune,Regular
1144,User_1144,Chennai,Gold
1145,User_1145,Chennai,Gold
1146,User_1146,Pune,Gold
1147,User_1147,Hyderabad,Regular
1148,User_1148,Hyderabad,Regular
1149,User_1149,Chennai,Gold
1150,User_1150,Bangalore,Gold
1151,User_1151,Hyderabad,Gold
1152,User_1152,Hyderabad,Regular
1153,User_1153,Hyderabad,Gold
1154,User_1154,Bangalore,Regular
1155,User_1155,Hyderabad,Gold
1156,User_1156,Pune,Gold
1157,User_1157,Pune,Gold
1158,User_1158,Hyderabad,Regular
1159,User_1159,Hyderabad,Regular
1160,User_1160,Chennai,Gold
1161,User_1161,Hyderabad,Gold
1162,User_1162,Bangalore,Gold
1163,User_1163,Hyderabad,Regular
1164,User_1164,Bangalore,Regular
1165,User_1165,Chennai,Regular
1166,User_1166,Bangalore,Regular
1167,User_1167,Chennai,Regular
1168,User_1168,Hyderabad,Regular
1169,User_1169,Chennai,Regular
1170,User_1170,Chennai,Regular
1171,User_1171,Bangalore,Regular
1172,User_1172,Hyderabad,Gold
1173,User_1173,Hyderabad,Regular
1174,User_1174,Pune,Regular
1175,User_1175,Bangalore,Gold
1176,User_1176,Chennai,Gold
1177,User_1177,Bangalore,Regular
1178,User_1178,Chennai,Regular
1179,User_1179,Bangalore,Regular
1180,User_1180,Hyderabad,Regular
1181,User_1181,Pune,Gold
1182,User_1182,Hyderabad,Regular
1183,User_1183,Chennai,Gold
1184,User_1184,Pune,Gold
1185,User_1185,Bangalore,Gold
1186,User_1186,Hyderabad,Regular
1187,User_1187,Chennai,Gold
1188,User_1188,Pune,Regular
1189,User_1189,Pune,Regular
1190,User_1190,Chennai,Gold
1191,User_1191,Hyderabad,Regular
1192,User_1192,Bangalore,Regular
1193,User_1193,Pune,Regular
1194,User_1194,Chennai,Regular
1195,User_1195,Chennai,Gold
1196,User_1196,Pune,Gold
1197,User_1197,Bangalore,Regular
1198,User_1198,Chennai,Gold
1199,User_1199,Pune,Gold
1200,User_1200,Hyderabad,Regular
1201,User_1201,Bangalore,Gold
1202,User_1202,Bangalore,Regular
1203,User_1203,Hyderabad,Regular
1204,User_1204,Bangalore,Gold
1205,User_1205,Chennai,Gold
1206,User_1206,Bangalore,Gold
1207,User_1207,Chennai,Regular
1208,User_1208,Hyderabad,Regular
1209,User_1209,Bangalore,Gold
1210,User_1210,Chennai,Gold
1211,User_1211,Chennai,Gold
1212,User_1212,Hyderabad,Gold
1213,User_1213,Pune,Regular
1214,User_1214,Pune,Gold
1215,User_1215,Pune,Regular
1216,User_1216,Bangalore,Regular
1217,User_1217,Chennai,Gold
1218,User_1218,Hyderabad,Gold
1219,User_1219,Bangalore,Regular
1220,User_1220,Hyderabad,Regular
1221,User_1221,Bangalore,Regular
1222,User_1222,Chennai,Regular
1223,User_1223,Chennai,Regular
1224,User_1224,Hyderabad,Gold
1225,User_1225,Bangalore,Regular
1226,User_1226,Hyderabad,Gold
1227,User_1227,Hyderabad,Gold
1228,User_1228,Bangalore,Regular
1229,User_1229,Bangalore,Regular
1230,User_1230,Chennai,Gold
1231,User_1231,Chennai,Gold
1232,User_1232,Pune,Gold
1233,User_1233,Chennai,Gold
1234,User_1234,Chennai,Gold
1235,User_1235,Pune,Regular
1236,User_1236,Chennai,Regular
1237,User_1237,Pune,Regular
1238,User_1238,Chennai,Regular
1239,User_1239,Bangalore,Regular
1240,User_1240,Pune,Gold
1241,User_1241,Pune,Gold
1242,User_1242,Chennai,Regular
1243,User_1243,Hyderabad,Gold
1244,User_1244,Hyderabad,Gold
1245,User_1245,Bangalore,Regular
1246,User_1246,Chennai,Gold
1247,User_1247,Pune,Gold
1248,User_1248,Hyderabad,Gold
1249,User_1249,Pune,Regular
1250,User_1250,Bangalore,Gold
1251,User_1251,Pune,Gold
1252,User_1252,Chennai,Regular
1253,User_1253,Bangalore,Regular
1254,User_1254,Chennai,Gold
1255,User_1255,Chennai,Regular
1256,User_1256,Pune,Regular
1257,User_1257,Bangalore,Gold
1258,User_1258,Pune,Regular
1259,User_1259,Hyderabad,Gold
1260,User_1260,Pune,Gold
1261,User_1261,Bangalore,Gold
1262,User_1262,Pune,Gold
1263,User_1263,Bangalore,Gold
1264,User_1264,Chennai,Regular
1265,User_1265,Bangalore,Regular
1266,User_1266,Bangalore,Regular
1267,User_1267,Bangalore,Gold
1268,User_1268,Hyderabad,Gold
1269,User_1269,Bangalore,Gold
1270,User_1270,Bangalore,Regular
1271,User_1271,Pune,Gold
1272,User_1272,Pune,Gold
1273,User_1273,Chennai,Regular
1274,User_1274,Chennai,Gold
1275,User_1275,Chennai,Gold
1276,User_1276,Pune,Gold
1277,User_1277,Chennai,Regular
1278,User_1278,Hyderabad,Gold
1279,User_1279,Bangalore,Regular
1280,User_1280,Hyderabad,Regular
1281,User_1281,Pune,Gold
1282,User_1282,Chennai,Regular
1283,User_1283,Hyderabad,Regular
1284,User_1284,Chennai,Regular
1285,User_1285,Chennai,Gold
1286,User_1286,Pune,Gold
1287,User_1287,Chennai,Regular
1288,User_1288,Chennai,Regular
1289,User_1289,Chennai,Gold
1290,User_1290,Hyderabad,Gold
1291,User_1291,Chennai,Gold
1292,User_1292,Hyderabad,Regular
1293,User_1293,Hyderabad,Gold
1294,User_1294,Chennai,Regular
1295,User_1295,Hyderabad,Gold
1296,User_1296,Bangalore,Gold
1297,User_1297,Hyderabad,Regular
1298,User_1298,Chennai,Gold
1299,User_1299,Bangalore,Regular
1300,User_1300,Chennai,Regular
1301,User_1301,Hyderabad,Regular
1302,User_1302,Bangalore,Regular
1303,User_1303,Chennai,Gold
1304,User_1304,Pune,Gold
1305,User_1305,Chennai,Regular
1306,User_1306,Chennai,Gold
1307,User_1307,Bangalore,Gold
1308,User_1308,Bangalore,Regular
1309,User_1309,Bangalore,Gold
1310,User_1310,Bangalore,Gold
1311,User_1311,Bangalore,Regular
1312,User_1312,Hyderabad,Regular
1313,User_1313,Bangalore,Regular
1314,User_1314,Pune,Gold
1315,User_1315,Hyderabad,Gold
1316,User_1316,Chennai,Regular
1317,User_1317,Pune,Regular
1318,User_1318,Bangalore,Gold
1319,User_1319,Hyderabad,Gold
1320,User_1320,Hyderabad,Regular
1321,User_1321,Pune,Gold
1322,User_1322,Bangalore,Gold
1323,User_1323,Chennai,Regular
1324,User_1324,Bangalore,Regular
1325,User_1325,Bangalore,Gold
1326,User_1326,Chennai,Regular
1327,User_1327,Bangalore,Gold
1328,User_1328,Pune,Gold
1329,User_1329,Bangalore,Regular
1330,User_1330,Chennai,Gold
1331,User_1331,Hyderabad,Gold
1332,User_1332,Chennai,Regular
1333,User_1333,Bangalore,Gold
1334,User_1334,Bangalore,Gold
1335,User_1335,Bangalore,Regular
1336,User_1336,Bangalore,Regular
1337,User_1337,Bangalore,Regular
1338,User_1338,Bangalore,Regular
1339,User_1339,Chennai,Regular
1340,User_1340,Bangalore,Gold
1341,User_1341,Pune,Regular
1342,User_1342,Pune,Regular
1343,User_1343,Hyderabad,Regular
1344,User_1344,Hyderabad,Gold
1345,User_1345,Pune,Regular
1346,User_1346,Pune,Regular
1347,User_1347,Chennai,Gold
1348,User_1348,Hyderabad,Regular
1349,User_1349,Chennai,Regular
1350,User_1350,Bangalore,Gold
1351,User_1351,Pune,Gold
1352,User_1352,Pune,Gold
1353,User_1353,Chennai,Gold
1354,User_1354,Bangalore,Regular
1355,User_1355,Pune,Gold
1356,User_1356,Pune,Gold
1357,User_1357,Hyderabad,Regular
1358,User_1358,Chennai,Regular
1359,User_1359,Chennai,Regular
1360,User_1360,Chennai,Gold
1361,User_1361,Chennai,Regular
1362,User_1362,Hyderabad,Gold
1363,User_1363,Bangalore,Gold
1364,User_1364,Bangalore,Regular
1365,User_1365,Chennai,Regular
1366,User_1366,Bangalore,Gold
1367,User_1367,Bangalore,Gold
1368,User_1368,Pune,Gold
1369,User_1369,Hyderabad,Regular
1370,User_1370,Hyderabad,Regular
1371,User_1371,Pune,Gold
1372,User_1372,Chennai,Gold
1373,User_1373,Hyderabad,Regular
1374,User_1374,Chennai,Regular
1375,User_1375,Pune,Regular
1376,User_1376,Hyderabad,Gold
1377,User_1377,Pune,Regular
1378,User_1378,Pune,Regular
1379,User_1379,Chennai,Regular
1380,User_1380,Hyderabad,Regular
1381,User_1381,Bangalore,Regular
1382,User_1382,Bangalore,Regular
1383,User_1383,Chennai,Gold
1384,User_1384,Bangalore,Gold
1385,User_1385,Bangalore,Regular
1386,User_1386,Hyderabad,Gold
1387,User_1387,Pune,Gold
1388,User_1388,Bangalore,Gold
1389,User_1389,Bangalore,Regular
1390,User_1390,Pune,Regular
1391,User_1391,Bangalore,Regular
1392,User_1392,Hyderabad,Regular
1393,User_1393,Bangalore,Gold
1394,User_1394,Bangalore,Gold
1395,User_1395,Hyderabad,Gold
1396,User_1396,Pune,Gold
1397,User_1397,Bangalore,Gold
1398,User_1398,Chennai,Regular
1399,User_1399,Hyderabad,Gold
1400,User_1400,Hyderabad,Gold
1401,User_1401,Hyderabad,Gold
1402,User_1402,Pune,Regular
1403,User_1403,Hyderabad,Gold
1404,User_1404,Bangalore,Gold
1405,User_1405,Pune,Regular
1406,User_1406,Bangalore,Gold
1407,User_1407,Pune,Gold
1408,User_1408,Chennai,Regular
1409,User_1409,Bangalore,Gold
1410,User_1410,Hyderabad,Regular
1411,User_1411,Chennai,Regular
1412,User_1412,Chennai,Regular
1413,User_1413,Chennai,Gold
1414,User_1414,Bangalore,Regular
1415,User_1415,Bangalore,Regular
1416,User_1416,Pune,Regular
1417,User_1417,Chennai,Gold
1418,User_1418,Chennai,Gold
1419,User_1419,Pune,Gold
1420,User_1420,Pune,Gold
1421,User_1421,Bangalore,Gold
1422,User_1422,Bangalore,Gold
1423,User_1423,Hyderabad,Gold
1424,User_1424,Pune,Gold
1425,User_1425,Pune,Regular
1426,User_1426,Bangalore,Regular
1427,User_1427,Hyderabad,Gold
1428,User_1428,Bangalore,Gold
1429,User_1429,Chennai,Gold
1430,User_1430,Hyderabad,Regular
1431,User_1431,Bangalore,Regular
1432,User_1432,Bangalore,Regular
1433,User_1433,Hyderabad,Gold
1434,User_1434,Hyderabad,Gold
1435,User_1435,Hyderabad,Regular
1436,User_1436,Bangalore,Regular
1437,User_1437,Hyderabad,Gold
1438,User_1438,Bangalore,Gold
1439,User_1439,Pune,Regular
1440,User_1440,Hyderabad,Gold
1441,User_1441,Hyderabad,Gold
1442,User_1442,Bangalore,Gold
1443,User_1443,Bangalore,Regular
1444,User_1444,Bangalore,Gold
1445,User_1445,Bangalore,Regular
1446,User_1446,Pune,Regular
1447,User_1447,Bangalore,Regular
1448,User_1448,Chennai,Regular
1449,User_1449,Pune,Gold
1450,User_1450,Pune,Gold
1451,User_1451,Bangalore,Regular
1452,User_1452,Bangalore,Regular
1453,User_1453,Pune,Regular
1454,User_1454,Chennai,Regular
1455,User_1455,Hyderabad,Gold
1456,User_1456,Chennai,Regular
1457,User_1457,Chennai,Regular
1458,User_1458,Bangalore,Regular
1459,User_1459,Hyderabad,Gold
1460,User_1460,Hyderabad,Regular
1461,User_1461,Chennai,Regular
1462,User_1462,Hyderabad,Regular
1463,User_1463,Chennai,Gold
1464,User_1464,Bangalore,Regular
1465,User_1465,Pune,Regular
1466,User_1466,Chennai,Gold
1467,User_1467,Pune,Regular
1468,User_1468,Chennai,Gold
1469,User_1469,Pune,Gold
1470,User_1470,Pune,Regular
1471,User_1471,Pune,Gold
1472,User_1472,Pune,Regular
1473,User_1473,Hyderabad,Regular
1474,User_1474,Bangalore,Gold
1475,User_1475,Bangalore,Gold
1476,User_1476,Pune,Gold
1477,User_1477,Hyderabad,Regular
1478,User_1478,Pune,Gold
1479,User_1479,Pune,Regular
1480,User_1480,Pune,Gold
1481,User_1481,Bangalore,Gold
1482,User_1482,Bangalore,Regular
1483,User_1483,Chennai,Gold
1484,User_1484,Chennai,Gold
1485,User_1485,Pune,Regular
1486,User_1486,Hyderabad,Regular
1487,User_1487,Bangalore,Gold
1488,User_1488,Hyderabad,Gold
1489,User_1489,Bangalore,Regular
1490,User_1490,Hyderabad,Regular
1491,User_1491,Bangalore,Regular
1492,User_1492,Bangalore,Regular
1493,User_1493,Chennai,Regular
1494,User_1494,Hyderabad,Gold
1495,User_1495,Chennai,Regular
1496,User_1496,Chennai,Regular
1497,User_1497,Bangalore,Regular
1498,User_1498,Chennai,Gold
1499,User_1499,Pune,Gold
1500,User_1500,Hyderabad,Regular
1501,User_1501,Hyderabad,Regular
1502,User_1502,Bangalore,Gold
1503,User_1503,Pune,Gold
1504,User_1504,Bangalore,Regular
1505,User_1505,Pune,Gold
1506,User_1506,Pune,Regular
1507,User_1507,Pune,Regular
1508,User_1508,Pune,Gold
1509,User_1509,Chennai,Gold
1510,User_1510,Hyderabad,Gold
1511,User_1511,Chennai,Regular
1512,User_1512,Chennai,Gold
1513,User_1513,Pune,Gold
1514,User_1514,Pune,Gold
1515,User_1515,Bangalore,Regular
1516,User_1516,Pune,Gold
1517,User_1517,Hyderabad,Gold
1518,User_1518,Chennai,Gold
1519,User_1519,Chennai,Gold
1520,User_1520,Chennai,Regular
1521,User_1521,Hyderabad,Regular
1522,User_1522,Chennai,Gold
1523,User_1523,Hyderabad,Regular
1524,User_1524,Chennai,Regular
1525,User_1525,Hyderabad,Regular
1526,User_1526,Pune,Regular
1527,User_1527,Chennai,Regular
1528,User_1528,Chennai,Regular
1529,User_1529,Bangalore,Regular
1530,User_1530,Bangalore,Gold
1531,User_1531,Bangalore,Gold
1532,User_1532,Bangalore,Regular
1533,User_1533,Chennai,Regular
1534,User_1534,Pune,Gold
1535,User_1535,Chennai,Regular
1536,User_1536,Hyderabad,Gold
1537,User_1537,Bangalore,Regular
1538,User_1538,Bangalore,Regular
1539,User_1539,Hyderabad,Regular
1540,User_1540,Bangalore,Regular
1541,User_1541,Chennai,Regular
1542,User_1542,Bangalore,Regular
1543,User_1543,Chennai,Gold
1544,User_1544,Pune,Gold
1545,User_1545,Hyderabad,Regular
1546,User_1546,Hyderabad,Regular
1547,User_1547,Bangalore,Regular
1548,User_1548,Pune,Gold
1549,User_1549,Pune,Regular
1550,User_1550,Pune,Regular
1551,User_1551,Chennai,Gold
1552,User_1552,Hyderabad,Gold
1553,User_1553,Pune,Regular
1554,User_1554,Hyderabad,Regular
1555,User_1555,Pune,Gold
1556,User_1556,Bangalore,Regular
1557,User_1557,Pune,Gold
1558,User_1558,Chennai,Gold
1559,User_1559,Bangalore,Gold
1560,User_1560,Bangalore,Gold
1561,User_1561,Hyderabad,Gold
1562,User_1562,Chennai,Regular
1563,User_1563,Chennai,Regular
1564,User_1564,Chennai,Gold
1565,User_1565,Pune,Regular
1566,User_1566,Pune,Regular
1567,User_1567,Hyderabad,Regular
1568,User_1568,Hyderabad,Gold
1569,User_1569,Pune,Gold
1570,User_1570,Bangalore,Regular
1571,User_1571,Pune,Gold
1572,User_1572,Hyderabad,Gold
1573,User_1573,Chennai,Gold
1574,User_1574,Hyderabad,Gold
1575,User_1575,Bangalore,Gold
1576,User_1576,Chennai,Regular
1577,User_1577,Chennai,Gold
1578,User_1578,Pune,Gold
1579,User_1579,Bangalore,Regular
1580,User_1580,Pune,Gold
1581,User_1581,Bangalore,Gold
1582,User_1582,Hyderabad,Regular
1583,User_1583,Hyderabad,Gold
1584,User_1584,Bangalore,Regular
1585,User_1585,Bangalore,Regular
1586,User_1586,Hyderabad,Regular
1587,User_1587,Chennai,Regular
1588,User_1588,Hyderabad,Gold
1589,User_1589,Pune,Gold
1590,User_1590,Chennai,Gold
1591,User_1591,Hyderabad,Gold
1592,User_1592,Hyderabad,Gold
1593,User_1593,Chennai,Regular
1594,User_1594,Bangalore,Regular
1595,User_1595,Chennai,Gold
1596,User_1596,Pune,Gold
1597,User_1597,Pune,Regular
1598,User_1598,Bangalore,Gold
1599,User_1599,Pune,Regular
1600,User_1600,Chennai,Regular
1601,User_1601,Bangalore,Regular
1602,User_1602,Hyderabad,Gold
1603,User_1603,Chennai,Gold
1604,User_1604,Hyderabad,Regular
1605,User_1605,Bangalore,Regular
1606,User_1606,Hyderabad,Gold
1607,User_1607,Bangalore,Regular
1608,User_1608,Bangalore,Gold
1609,User_1609,Hyderabad,Gold
1610,User_1610,Pune,Regular
1611,User_1611,Pune,Regular
1612,User_1612,Chennai,Gold
1613,User_1613,Chennai,Gold
1614,User_1614,Chennai,Regular
1615,User_1615,Hyderabad,Regular
1616,User_1616,Hyderabad,Gold
1617,User_1617,Pune,Gold
1618,User_1618,Bangalore,Gold
1619,User_1619,Bangalore,Regular
1620,User_1620,Pune,Gold
1621,User_1621,Hyderabad,Gold
1622,User_1622,Bangalore,Regular
1623,User_1623,Pune,Gold
1624,User_1624,Pune,Gold
1625,User_1625,Hyderabad,Regular
1626,User_1626,Chennai,Gold
1627,User_1627,Pune,Regular
1628,User_1628,Hyderabad,Gold
1629,User_1629,Bangalore,Regular
1630,User_1630,Chennai,Regular
1631,User_1631,Bangalore,Regular
1632,User_1632,Bangalore,Regular
1633,User_1633,Chennai,Gold
1634,User_1634,Pune,Gold
1635,User_1635,Bangalore,Gold
1636,User_1636,Bangalore,Regular
1637,User_1637,Hyderabad,Gold
1638,User_1638,Chennai,Regular
1639,User_1639,Hyderabad,Regular
1640,User_1640,Hyderabad,Regular
1641,User_1641,Chennai,Gold
1642,User_1642,Bangalore,Gold
1643,User_1643,Chennai,Regular
1644,User_1644,Bangalore,Regular
1645,User_1645,Hyderabad,Gold
1646,User_1646,Bangalore,Gold
1647,User_1647,Bangalore,Gold
1648,User_1648,Hyderabad,Regular
1649,User_1649,Chennai,Gold
1650,User_1650,Bangalore,Gold
1651,User_1651,Chennai,Gold
1652,User_1652,Chennai,Regular
1653,User_1653,Bangalore,Gold
1654,User_1654,Chennai,Gold
1655,User_1655,Bangalore,Gold
1656,User_1656,Hyderabad,Regular
1657,User_1657,Hyderabad,Gold
1658,User_1658,Chennai,Regular
1659,User_1659,Pune,Regular
1660,User_1660,Bangalore,Regular
1661,User_1661,Chennai,Gold
1662,User_1662,Bangalore,Gold
1663,User_1663,Bangalore,Regular
1664,User_1664,Bangalore,Regular
1665,User_1665,Bangalore,Regular
1666,User_1666,Hyderabad,Regular
1667,User_1667,Pune,Gold
1668,User_1668,Hyderabad,Gold
1669,User_1669,Hyderabad,Regular
1670,User_1670,Pune,Regular
1671,User_1671,Chennai,Gold
1672,User_1672,Bangalore,Gold
1673,User_1673,Chennai,Regular
1674,User_1674,Pune,Regular
1675,User_1675,Hyderabad,Regular
1676,User_1676,Bangalore,Gold
1677,User_1677,Chennai,Regular
1678,User_1678,Pune,Gold
1679,User_1679,Pune,Gold
1680,User_1680,Pune,Regular
1681,User_1681,Chennai,Regular
1682,User_1682,Pune,Gold
1683,User_1683,Chennai,Gold
1684,User_1684,Hyderabad,Regular
1685,User_1685,Chennai,Regular
1686,User_1686,Hyderabad,Gold
1687,User_1687,Chennai,Gold
1688,User_1688,Bangalore,Gold
1689,User_1689,Bangalore,Regular
1690,User_1690,Hyderabad,Gold
1691,User_1691,Pune,Gold
1692,User_1692,Hyderabad,Regular
1693,User_1693,Pune,Gold
1694,User_1694,Chennai,Gold
1695,User_1695,Bangalore,Gold
1696,User_1696,Bangalore,Regular
1697,User_1697,Bangalore,Regular
1698,User_1698,Pune,Regular
1699,User_1699,Chennai,Regular
1700,User_1700,Hyderabad,Regular
1701,User_1701,Bangalore,Regular
1702,User_1702,Pune,Regular
1703,User_1703,Pune,Gold
1704,User_1704,Pune,Regular
1705,User_1705,Chennai,Gold
1706,User_1706,Hyderabad,Regular
1707,User_1707,Chennai,Gold
1708,User_1708,Pune,Regular
1709,User_1709,Chennai,Gold
1710,User_1710,Hyderabad,Regular
1711,User_1711,Chennai,Regular
1712,User_1712,Hyderabad,Regular
1713,User_1713,Pune,Gold
1714,User_1714,Chennai,Regular
1715,User_1715,Pune,Regular
1716,User_1716,Pune,Regular
1717,User_1717,Bangalore,Regular
1718,User_1718,Pune,Regular
1719,User_1719,Pune,Gold
1720,User_1720,Hyderabad,Regular
1721,User_1721,Chennai,Regular
1722,User_1722,Hyderabad,Gold
1723,User_1723,Chennai,Gold
1724,User_1724,Bangalore,Regular
1725,User_1725,Bangalore,Gold
1726,User_1726,Pune,Gold
1727,User_1727,Bangalore,Regular
1728,User_1728,Bangalore,Gold
1729,User_1729,Chennai,Gold
1730,User_1730,Bangalore,Regular
1731,User_1731,Hyderabad,Regular
1732,User_1732,Pune,Regular
1733,User_1733,Pune,Regular
1734,User_1734,Chennai,Gold
1735,User_1735,Pune,Regular
1736,User_1736,Pune,Regular
1737,User_1737,Chennai,Gold
1738,User_1738,Chennai,Regular
1739,User_1739,Pune,Regular
1740,User_1740,Pune,Regular
1741,User_1741,Pune,Gold
1742,User_1742,Hyderabad,Gold
1743,User_1743,Chennai,Gold
1744,User_1744,Bangalore,Gold
1745,User_1745,Hyderabad,Gold
1746,User_1746,Hyderabad,Gold
1747,User_1747,Hyderabad,Gold
1748,User_1748,Bangalore,Gold
1749,User_1749,Pune,Regular
1750,User_1750,Pune,Gold
1751,User_1751,Pune,Regular
1752,User_1752,Pune,Regular
1753,User_1753,Hyderabad,Gold
1754,User_1754,Chennai,Gold
1755,User_1755,Hyderabad,Regular
1756,User_1756,Pune,Gold
1757,User_1757,Chennai,Gold
1758,User_1758,Bangalore,Regular
1759,User_1759,Chennai,Regular
1760,User_1760,Chennai,Regular
1761,User_1761,Bangalore,Gold
1762,User_1762,Bangalore,Regular
1763,User_1763,Pune,Regular
1764,User_1764,Pune,Gold
1765,User_1765,Hyderabad,Regular
1766,User_1766,Hyderabad,Regular
1767,User_1767,Bangalore,Regular
1768,User_1768,Chennai,Regular
1769,User_1769,Hyderabad,Gold
1770,User_1770,Chennai,Gold
1771,User_1771,Hyderabad,Regular
1772,User_1772,Hyderabad,Regular
1773,User_1773,Pune,Regular
1774,User_1774,Bangalore,Regular
1775,User_1775,Chennai,Regular
1776,User_1776,Chennai,Gold
1777,User_1777,Bangalore,Gold
1778,User_1778,Pune,Gold
1779,User_1779,Chennai,Regular
1780,User_1780,Pune,Regular
1781,User_1781,Hyderabad,Gold
1782,User_1782,Hyderabad,Gold
1783,User_1783,Hyderabad,Regular
1784,User_1784,Pune,Regular
1785,User_1785,Bangalore,Gold
1786,User_1786,Bangalore,Regular
1787,User_1787,Bangalore,Regular
1788,User_1788,Pune,Gold
1789,User_1789,Pune,Gold
1790,User_1790,Pune,Regular
1791,User_1791,Hyderabad,Gold
1792,User_1792,Hyderabad,Gold
1793,User_1793,Chennai,Gold
1794,User_1794,Pune,Gold
1795,User_1795,Chennai,Regular
1796,User_1796,Chennai,Regular
1797,User_1797,Bangalore,Regular
1798,User_1798,Hyderabad,Gold
1799,User_1799,Chennai,Gold
1800,User_1800,Bangalore,Regular
1801,User_1801,Hyderabad,Gold
1802,User_1802,Hyderabad,Regular
1803,User_1803,Bangalore,Regular
1804,User_1804,Hyderabad,Regular
1805,User_1805,Bangalore,Regular
1806,User_1806,Chennai,Gold
1807,User_1807,Pune,Gold
1808,User_1808,Bangalore,Gold
1809,User_1809,Bangalore,Gold
1810,User_1810,Chennai,Regular
1811,User_1811,Bangalore,Regular
1812,User_1812,Bangalore,Gold
1813,User_1813,Hyderabad,Regular
1814,User_1814,Chennai,Regular
1815,User_1815,Pune,Gold
1816,User_1816,Pune,Regular
1817,User_1817,Bangalore,Gold
1818,User_1818,Chennai,Gold
1819,User_1819,Bangalore,Gold
1820,User_1820,Chennai,Regular
1821,User_1821,Hyderabad,Regular
1822,User_1822,Bangalore,Gold
1823,User_1823,Hyderabad,Regular
1824,User_1824,Bangalore,Regular
1825,User_1825,Hyderabad,Regular
1826,User_1826,Hyderabad,Regular
1827,User_1827,Bangalore,Regular
1828,User_1828,Chennai,Regular
1829,User_1829,Pune,Gold
1830,User_1830,Chennai,Gold
1831,User_1831,Hyderabad,Gold
1832,User_1832,Chennai,Gold
1833,User_1833,Bangalore,Gold
1834,User_1834,Bangalore,Gold
1835,User_1835,Bangalore,Regular
1836,User_1836,Bangalore,Gold
1837,User_1837,Pune,Gold
1838,User_1838,Bangalore,Regular
1839,User_1839,Hyderabad,Regular
1840,User_1840,Hyderabad,Regular
1841,User_1841,Chennai,Regular
1842,User_1842,Hyderabad,Regular
1843,User_1843,Pune,Regular
1844,User_1844,Hyderabad,Gold
1845,User_1845,Hyderabad,Regular
1846,User_1846,Chennai,Regular
1847,User_1847,Bangalore,Regular
1848,User_1848,Pune,Regular
1849,User_1849,Bangalore,Gold
1850,User_1850,Chennai,Gold
1851,User_1851,Bangalore,Gold
1852,User_1852,Hyderabad,Regular
1853,User_1853,Hyderabad,Gold
1854,User_1854,Chennai,Gold
1855,User_1855,Chennai,Regular
1856,User_1856,Pune,Gold
1857,User_1857,Hyderabad,Regular
1858,User_1858,Hyderabad,Regular
1859,User_1859,Pune,Regular
1860,User_1860,Chennai,Gold
1861,User_1861,Bangalore,Regular
1862,User_1862,Pune,Gold
1863,User_1863,Chennai,Gold
1864,User_1864,Bangalore,Regular
1865,User_1865,Chennai,Regular
1866,User_1866,Bangalore,Gold
1867,User_1867,Hyderabad,Regular
1868,User_1868,Hyderabad,Regular
1869,User_1869,Pune,Regular
1870,User_1870,Bangalore,Regular
1871,User_1871,Chennai,Gold
1872,User_1872,Chennai,Regular
1873,User_1873,Bangalore,Gold
1874,User_1874,Hyderabad,Regular
1875,User_1875,Chennai,Gold
1876,User_1876,Chennai,Gold
1877,User_1877,Pune,Regular
1878,User_1878,Bangalore,Regular
1879,User_1879,Hyderabad,Gold
1880,User_1880,Chennai,Gold
1881,User_1881,Hyderabad,Gold
1882,User_1882,Pune,Regular
1883,User_1883,Chennai,Gold
1884,User_1884,Chennai,Regular
1885,User_1885,Bangalore,Regular
1886,User_1886,Hyderabad,Gold
1887,User_1887,Bangalore,Regular
1888,User_1888,Hyderabad,Gold
1889,User_1889,Pune,Regular
1890,User_1890,Chennai,Gold
1891,User_1891,Bangalore,Gold
1892,User_1892,Hyderabad,Regular
1893,User_1893,Hyderabad,Regular
1894,User_1894,Bangalore,Gold
1895,User_1895,Chennai,Regular
1896,User_1896,Pune,Regular
1897,User_1897,Chennai,Gold
1898,User_1898,Bangalore,Regular
1899,User_1899,Chennai,Gold
1900,User_1900,Bangalore,Gold
1901,User_1901,Chennai,Regular
1902,User_1902,Pune,Gold
1903,User_1903,Chennai,Gold
1904,User_1904,Chennai,Gold
1905,User_1905,Bangalore,Gold
1906,User_1906,Bangalore,Gold
1907,User_1907,Pune,Gold
1908,User_1908,Bangalore,Gold
1909,User_1909,Bangalore,Regular
1910,User_1910,Chennai,Regular
1911,User_1911,Pune,Gold
1912,User_1912,Pune,Regular
1913,User_1913,Pune,Gold
1914,User_1914,Pune,Regular
1915,User_1915,Chennai,Gold
1916,User_1916,Bangalore,Regular
1917,User_1917,Chennai,Gold
1918,User_1918,Bangalore,Regular
1919,User_1919,Chennai,Gold
1920,User_1920,Chennai,Gold
1921,User_1921,Pune,Gold
1922,User_1922,Chennai,Gold
1923,User_1923,Chennai,Regular
1924,User_1924,Pune,Regular
1925,User_1925,Chennai,Gold
1926,User_1926,Pune,Gold
1927,User_1927,Hyderabad,Gold
1928,User_1928,Chennai,Gold
1929,User_1929,Pune,Gold
1930,User_1930,Chennai,Gold
1931,User_1931,Bangalore,Regular
1932,User_1932,Bangalore,Regular
1933,User_1933,Hyderabad,Regular
1934,User_1934,Hyderabad,Regular
1935,User_1935,Bangalore,Gold
1936,User_1936,Bangalore,Gold
1937,User_1937,Bangalore,Regular
1938,User_1938,Bangalore,Regular
1939,User_1939,Bangalore,Gold
1940,User_1940,Hyderabad,Gold
1941,User_1941,Chennai,Gold
1942,User_1942,Hyderabad,Gold
1943,User_1943,Bangalore,Regular
1944,User_1944,Hyderabad,Gold
1945,User_1945,Pune,Regular
1946,User_1946,Pune,Regular
1947,User_1947,Bangalore,Regular
1948,User_1948,Pune,Regular
1949,User_1949,Hyderabad,Gold
1950,User_1950,Bangalore,Gold
1951,User_1951,Pune,Gold
1952,User_1952,Pune,Regular
1953,User_1953,Chennai,Gold
1954,User_1954,Hyderabad,Gold
1955,User_1955,Chennai,Gold
1956,User_1956,Bangalore,Regular
1957,User_1957,Bangalore,Gold
1958,User_1958,Chennai,Regular
1959,User_1959,Chennai,Gold
1960,User_1960,Chennai,Gold
1961,User_1961,Pune,Regular
1962,User_1962,Pune,Gold
1963,User_1963,Pune,Gold
1964,User_1964,Chennai,Gold
1965,User_1965,Hyderabad,Gold
1966,User_1966,Hyderabad,Regular
1967,User_1967,Hyderabad,Regular
1968,User_1968,Pune,Gold
1969,User_1969,Bangalore,Regular
1970,User_1970,Bangalore,Regular
1971,User_1971,Hyderabad,Gold
1972,User_1972,Bangalore,Gold
1973,User_1973,Bangalore,Regular
1974,User_1974,Pune,Gold
1975,User_1975,Bangalore,Regular
1976,User_1976,Hyderabad,Regular
1977,User_1977,Pune,Gold
1978,User_1978,Bangalore,Gold
1979,User_1979,Bangalore,Gold
1980,User_1980,Pune,Gold
1981,User_1981,Bangalore,Gold
1982,User_1982,Chennai,Gold
1983,User_1983,Pune,Gold
1984,User_1984,Pune,Gold
1985,User_1985,Chennai,Gold
1986,User_1986,Bangalore,Regular
1987,User_1987,Hyderabad,Gold
1988,User_1988,Chennai,Regular
1989,User_1989,Bangalore,Regular
1990,User_1990,Chennai,Regular
1991,User_1991,Pune,Regular
1992,User_1992,Pune,Gold
1993,User_1993,Pune,Gold
1994,User_1994,Hyderabad,Gold
1995,User_1995,Chennai,Gold
1996,User_1996,Hyderabad,Gold
1997,User_1997,Pune,Gold
1998,User_1998,Pune,Regular
1999,User_1999,Pune,Gold
2000,User_2000,Bangalore,Regular
2001,User_2001,Pune,Gold
2002,User_2002,Pune,Gold
2003,User_2003,Chennai,Regular
2004,User_2004,Hyderabad,Regular
2005,User_2005,Bangalore,Gold
2006,User_2006,Pune,Regular
2007,User_2007,Chennai,Regular
2008,User_2008,Bangalore,Gold
2009,User_2009,Chennai,Gold
2010,User_2010,Bangalore,Regular
2011,User_2011,Hyderabad,Regular
2012,User_2012,Bangalore,Regular
2013,User_2013,Pune,Gold
2014,User_2014,Hyderabad,Gold
2015,User_2015,Chennai,Gold
2016,User_2016,Pune,Regular
2017,User_2017,Chennai,Gold
2018,User_2018,Bangalore,Gold
2019,User_2019,Pune,Gold
2020,User_2020,Bangalore,Regular
2021,User_2021,Pune,Gold
2022,User_2022,Bangalore,Regular
2023,User_2023,Bangalore,Regular
2024,User_2024,Chennai,Regular
2025,User_2025,Chennai,Regular
2026,User_2026,Chennai,Regular
2027,User_2027,Bangalore,Regular
2028,User_2028,Bangalore,Regular
2029,User_2029,Pune,Gold
2030,User_2030,Chennai,Gold
2031,User_2031,Chennai,Regular
2032,User_2032,Chennai,Gold
2033,User_2033,Chennai,Gold
2034,User_2034,Pune,Gold
2035,User_2035,Pune,Regular
2036,User_2036,Bangalore,Regular
2037,User_2037,Chennai,Gold
2038,User_2038,Chennai,Regular
2039,User_2039,Pune,Regular
2040,User_2040,Chennai,Regular
2041,User_2041,Pune,Regular
2042,User_2042,Pune,Regular
2043,User_2043,Hyderabad,Gold
2044,User_2044,Bangalore,Regular
2045,User_2045,Pune,Regular
2046,User_2046,Bangalore,Gold
2047,User_2047,Hyderabad,Gold
2048,User_2048,Chennai,Gold
2049,User_2049,Bangalore,Regular
2050,User_2050,Hyderabad,Regular
2051,User_2051,Bangalore,Regular
2052,User_2052,Pune,Regular
2053,User_2053,Hyderabad,Regular
2054,User_2054,Chennai,Regular
2055,User_2055,Chennai,Gold
2056,User_2056,Chennai,Regular
2057,User_2057,Chennai,Gold
2058,User_2058,Hyderabad,Regular
2059,User_2059,Bangalore,Gold
2060,User_2060,Pune,Regular
2061,User_2061,Chennai,Gold
2062,User_2062,Hyderabad,Gold
2063,User_2063,Bangalore,Gold
2064,User_2064,Hyderabad,Regular
2065,User_2065,Chennai,Regular
2066,User_2066,Chennai,Regular
2067,User_2067,Chennai,Gold
2068,User_2068,Bangalore,Regular
2069,User_2069,Pune,Gold
2070,User_2070,Chennai,Gold
2071,User_2071,Hyderabad,Regular
2072,User_2072,Hyderabad,Regular
2073,User_2073,Bangalore,Regular
2074,User_2074,Bangalore,Gold
2075,User_2075,Hyderabad,Gold
2076,User_2076,Bangalore,Gold
2077,User_2077,Bangalore,Regular
2078,User_2078,Bangalore,Gold
2079,User_2079,Pune,Regular
2080,User_2080,Bangalore,Gold
2081,User_2081,Bangalore,Regular
2082,User_2082,Pune,Regular
2083,User_2083,Hyderabad,Regular
2084,User_2084,Chennai,Gold
2085,User_2085,Bangalore,Regular
2086,User_2086,Pune,Regular
2087,User_2087,Bangalore,Regular
2088,User_2088,Hyderabad,Regular
2089,User_2089,Hyderabad,Gold
2090,User_2090,Hyderabad,Regular
2091,User_2091,Chennai,Gold
2092,User_2092,Pune,Regular
2093,User_2093,Hyderabad,Regular
2094,User_2094,Hyderabad,Gold
2095,User_2095,Hyderabad,Regular
2096,User_2096,Pune,Regular
2097,User_2097,Pune,Regular
2098,User_2098,Bangalore,Regular
2099,User_2099,Pune,Gold
2100,User_2100,Hyderabad,Regular
2101,User_2101,Pune,Gold
2102,User_2102,Bangalore,Gold
2103,User_2103,Hyderabad,Gold
2104,User_2104,Bangalore,Gold
2105,User_2105,Chennai,Regular
2106,User_2106,Bangalore,Regular
2107,User_2107,Hyderabad,Gold
2108,User_2108,Chennai,Gold
2109,User_2109,Bangalore,Gold
2110,User_2110,Chennai,Regular
2111,User_2111,Hyderabad,Gold
2112,User_2112,Bangalore,Gold
2113,User_2113,Chennai,Gold
2114,User_2114,Hyderabad,Regular
2115,User_2115,Pune,Gold
2116,User_2116,Chennai,Gold
2117,User_2117,Bangalore,Gold
2118,User_2118,Chennai,Regular
2119,User_2119,Bangalore,Regular
2120,User_2120,Hyderabad,Gold
2121,User_2121,Pune,Regular
2122,User_2122,Pune,Regular
2123,User_2123,Bangalore,Regular
2124,User_2124,Hyderabad,Gold
2125,User_2125,Pune,Gold
2126,User_2126,Hyderabad,Gold
2127,User_2127,Pune,Gold
2128,User_2128,Bangalore,Gold
2129,User_2129,Chennai,Gold
2130,User_2130,Pune,Gold
2131,User_2131,Pune,Gold
2132,User_2132,Bangalore,Gold
2133,User_2133,Pune,Regular
2134,User_2134,Hyderabad,Regular
2135,User_2135,Chennai,Gold
2136,User_2136,Hyderabad,Regular
2137,User_2137,Pune,Gold
2138,User_2138,Chennai,Regular
2139,User_2139,Bangalore,Gold
2140,User_2140,Hyderabad,Regular
2141,User_2141,Bangalore,Gold
2142,User_2142,Chennai,Gold
2143,User_2143,Hyderabad,Regular
2144,User_2144,Hyderabad,Gold
2145,User_2145,Chennai,Regular
2146,User_2146,Chennai,Gold
2147,User_2147,Bangalore,Regular
2148,User_2148,Pune,Regular
2149,User_2149,Pune,Gold
2150,User_2150,Pune,Gold
2151,User_2151,Chennai,Gold
2152,User_2152,Chennai,Gold
2153,User_2153,Bangalore,Gold
2154,User_2154,Bangalore,Gold
2155,User_2155,Bangalore,Gold
2156,User_2156,Bangalore,Gold
2157,User_2157,Bangalore,Gold
2158,User_2158,Pune,Gold
2159,User_2159,Bangalore,Gold
2160,User_2160,Chennai,Regular
2161,User_2161,Chennai,Gold
2162,User_2162,Bangalore,Gold
2163,User_2163,Bangalore,Gold
2164,User_2164,Chennai,Gold
2165,User_2165,Chennai,Gold
2166,User_2166,Chennai,Gold
2167,User_2167,Hyderabad,Gold
2168,User_2168,Chennai,Gold
2169,User_2169,Bangalore,Regular
2170,User_2170,Bangalore,Regular
2171,User_2171,Chennai,Gold
2172,User_2172,Chennai,Gold
2173,User_2173,Chennai,Gold
2174,User_2174,Pune,Gold
2175,User_2175,Pune,Regular
2176,User_2176,Pune,Regular
2177,User_2177,Hyderabad,Regular
2178,User_2178,Pune,Gold
2179,User_2179,Pune,Regular
2180,User_2180,Pune,Gold
2181,User_2181,Hyderabad,Regular
2182,User_2182,Chennai,Gold
2183,User_2183,Hyderabad,Gold
2184,User_2184,Hyderabad,Regular
2185,User_2185,Bangalore,Regular
2186,User_2186,Chennai,Gold
2187,User_2187,Pune,Gold
2188,User_2188,Bangalore,Regular
2189,User_2189,Bangalore,Regular
2190,User_2190,Pune,Regular
2191,User_2191,Pune,Gold
2192,User_2192,Chennai,Regular
2193,User_2193,Pune,Gold
2194,User_2194,Chennai,Regular
2195,User_2195,Bangalore,Regular
2196,User_2196,Hyderabad,Gold
2197,User_2197,Bangalore,Regular
2198,User_2198,Chennai,Regular
2199,User_2199,Chennai,Gold
2200,User_2200,Chennai,Regular
2201,User_2201,Bangalore,Gold
2202,User_2202,Bangalore,Gold
2203,User_2203,Bangalore,Gold
2204,User_2204,Chennai,Gold
2205,User_2205,Bangalore,Regular
2206,User_2206,Chennai,Gold
2207,User_2207,Chennai,Gold
2208,User_2208,Chennai,Gold
2209,User_2209,Chennai,Regular
2210,User_2210,Bangalore,Regular
2211,User_2211,Pune,Regular
2212,User_2212,Chennai,Gold
2213,User_2213,Chennai,Gold
2214,User_2214,Hyderabad,Regular
2215,User_2215,Pune,Gold
2216,User_2216,Bangalore,Regular
2217,User_2217,Pune,Regular
2218,User_2218,Chennai,Regular
2219,User_2219,Pune,Regular
2220,User_2220,Bangalore,Regular
2221,User_2221,Bangalore,Gold
2222,User_2222,Chennai,Regular
2223,User_2223,Chennai,Regular
2224,User_2224,Hyderabad,Regular
2225,User_2225,Bangalore,Regular
2226,User_2226,Hyderabad,Regular
2227,User_2227,Chennai,Gold
2228,User_2228,Chennai,Regular
2229,User_2229,Hyderabad,Regular
2230,User_2230,Chennai,Gold
2231,User_2231,Chennai,Regular
2232,User_2232,Pune,Gold
2233,User_2233,Hyderabad,Regular
2234,User_2234,Bangalore,Gold
2235,User_2235,Chennai,Gold
2236,User_2236,Hyderabad,Regular
2237,User_2237,Chennai,Gold
2238,User_2238,Chennai,Gold
2239,User_2239,Chennai,Regular
2240,User_2240,Hyderabad,Regular
2241,User_2241,Chennai,Regular
2242,User_2242,Pune,Gold
2243,User_2243,Bangalore,Regular
2244,User_2244,Hyderabad,Gold
2245,User_2245,Hyderabad,Gold
2246,User_2246,Pune,Gold
2247,User_2247,Hyderabad,Regular
2248,User_2248,Hyderabad,Regular
2249,User_2249,Chennai,Regular
2250,User_2250,Pune,Gold
2251,User_2251,Pune,Regular
2252,User_2252,Hyderabad,Regular
2253,User_2253,Hyderabad,Regular
2254,User_2254,Chennai,Regular
2255,User_2255,Chennai,Gold
2256,User_2256,Chennai,Regular
2257,User_2257,Chennai,Gold
2258,User_2258,Chennai,Regular
2259,User_2259,Bangalore,Gold
2260,User_2260,Pune,Gold
2261,User_2261,Bangalore,Gold
2262,User_2262,Pune,Gold
2263,User_2263,Hyderabad,Gold
2264,User_2264,Bangalore,Gold
2265,User_2265,Pune,Gold
2266,User_2266,Pune,Gold
2267,User_2267,Pune,Regular
2268,User_2268,Hyderabad,Regular
2269,User_2269,Hyderabad,Regular
2270,User_2270,Hyderabad,Gold
2271,User_2271,Pune,Gold
2272,User_2272,Chennai,Regular
2273,User_2273,Bangalore,Regular
2274,User_2274,Chennai,Regular
2275,User_2275,Bangalore,Gold
2276,User_2276,Hyderabad,Regular
2277,User_2277,Hyderabad,Regular
2278,User_2278,Bangalore,Gold
2279,User_2279,Pune,Gold
2280,User_2280,Bangalore,Regular
2281,User_2281,Bangalore,Gold
2282,User_2282,Bangalore,Regular
2283,User_2283,Hyderabad,Gold
2284,User_2284,Pune,Regular
2285,User_2285,Chennai,Gold
2286,User_2286,Chennai,Regular
2287,User_2287,Bangalore,Gold
2288,User_2288,Bangalore,Gold
2289,User_2289,Pune,Gold
2290,User_2290,Hyderabad,Gold
2291,User_2291,Bangalore,Regular
2292,User_2292,Hyderabad,Gold
2293,User_2293,Chennai,Regular
2294,User_2294,Pune,Regular
2295,User_2295,Bangalore,Regular
2296,User_2296,Hyderabad,Gold
2297,User_2297,Bangalore,Gold
2298,User_2298,Bangalore,Regular
2299,User_2299,Bangalore,Regular
2300,User_2300,Hyderabad,Gold
2301,User_2301,Bangalore,Gold
2302,User_2302,Chennai,Regular
2303,User_2303,Pune,Gold
2304,User_2304,Chennai,Regular
2305,User_2305,Pune,Gold
2306,User_2306,Pune,Gold
2307,User_2307,Pune,Gold
2308,User_2308,Chennai,Regular
2309,User_2309,Chennai,Gold
2310,User_2310,Hyderabad,Gold
2311,User_2311,Hyderabad,Regular
2312,User_2312,Bangalore,Regular
2313,User_2313,Chennai,Regular
2314,User_2314,Hyderabad,Gold
2315,User_2315,Pune,Regular
2316,User_2316,Hyderabad,Regular
2317,User_2317,Chennai,Gold
2318,User_2318,Pune,Gold
2319,User_2319,Chennai,Regular
2320,User_2320,Hyderabad,Gold
2321,User_2321,Bangalore,Gold
2322,User_2322,Pune,Gold
2323,User_2323,Bangalore,Gold
2324,User_2324,Bangalore,Gold
2325,User_2325,Pune,Gold
2326,User_2326,Hyderabad,Gold
2327,User_2327,Bangalore,Regular
2328,User_2328,Bangalore,Regular
2329,User_2329,Pune,Regular
2330,User_2330,Hyderabad,Regular
2331,User_2331,Pune,Gold
2332,User_2332,Hyderabad,Regular
2333,User_2333,Chennai,Regular
2334,User_2334,Pune,Gold
2335,User_2335,Hyderabad,Gold
2336,User_2336,Pune,Gold
2337,User_2337,Bangalore,Gold
2338,User_2338,Pune,Regular
2339,User_2339,Pune,Regular
2340,User_2340,Pune,Gold
2341,User_2341,Bangalore,Regular
2342,User_2342,Pune,Regular
2343,User_2343,Bangalore,Regular
2344,User_2344,Hyderabad,Regular
2345,User_2345,Hyderabad,Regular
2346,User_2346,Hyderabad,Regular
2347,User_2347,Hyderabad,Regular
2348,User_2348,Chennai,Regular
2349,User_2349,Pune,Regular
2350,User_2350,Hyderabad,Gold
2351,User_2351,Bangalore,Gold
2352,User_2352,Pune,Regular
2353,User_2353,Pune,Regular
2354,User_2354,Chennai,Regular
2355,User_2355,Pune,Regular
2356,User_2356,Hyderabad,Regular
2357,User_2357,Hyderabad,Regular
2358,User_2358,Bangalore,Regular
2359,User_2359,Hyderabad,Regular
2360,User_2360,Bangalore,Regular
2361,User_2361,Bangalore,Gold
2362,User_2362,Chennai,Regular
2363,User_2363,Bangalore,Regular
2364,User_2364,Chennai,Gold
2365,User_2365,Hyderabad,Regular
2366,User_2366,Bangalore,Regular
2367,User_2367,Chennai,Regular
2368,User_2368,Pune,Gold
2369,User_2369,Chennai,Gold
2370,User_2370,Bangalore,Regular
2371,User_2371,Pune,Gold
2372,User_2372,Chennai,Gold
2373,User_2373,Chennai,Gold
2374,User_2374,Bangalore,Regular
2375,User_2375,Pune,Gold
2376,User_2376,Hyderabad,Regular
2377,User_2377,Bangalore,Regular
2378,User_2378,Chennai,Gold
2379,User_2379,Chennai,Regular
2380,User_2380,Pune,Regular
2381,User_2381,Pune,Regular
2382,User_2382,Hyderabad,Regular
2383,User_2383,Chennai,Gold
2384,User_2384,Pune,Regular
2385,User_2385,Pune,Regular
2386,User_2386,Chennai,Gold
2387,User_2387,Pune,Regular
2388,User_2388,Hyderabad,Regular
2389,User_2389,Pune,Regular
2390,User_2390,Hyderabad,Gold
2391,User_2391,Hyderabad,Regular
2392,User_2392,Bangalore,Gold
2393,User_2393,Hyderabad,Regular
2394,User_2394,Chennai,Regular
2395,User_2395,Hyderabad,Regular
2396,User_2396,Chennai,Gold
2397,User_2397,Chennai,Regular
2398,User_2398,Bangalore,Gold
2399,User_2399,Hyderabad,Regular
2400,User_2400,Pune,Regular
2401,User_2401,Bangalore,Gold
2402,User_2402,Bangalore,Gold
2403,User_2403,Pune,Gold
2404,User_2404,Hyderabad,Gold
2405,User_2405,Bangalore,Regular
2406,User_2406,Pune,Regular
2407,User_2407,Chennai,Regular
2408,User_2408,Chennai,Regular
2409,User_2409,Chennai,Regular
2410,User_2410,Hyderabad,Gold
2411,User_2411,Chennai,Gold
2412,User_2412,Chennai,Gold
2413,User_2413,Chennai,Gold
2414,User_2414,Hyderabad,Gold
2415,User_2415,Pune,Regular
2416,User_2416,Bangalore,Regular
2417,User_2417,Chennai,Regular
2418,User_2418,Bangalore,Regular
2419,User_2419,Chennai,Gold
2420,User_2420,Chennai,Gold
2421,User_2421,Hyderabad,Gold
2422,User_2422,Chennai,Regular
2423,User_2423,Pune,Regular
2424,User_2424,Hyderabad,Gold
2425,User_2425,Chennai,Gold
2426,User_2426,Hyderabad,Regular
2427,User_2427,Hyderabad,Regular
2428,User_2428,Bangalore,Gold
2429,User_2429,Bangalore,Regular
2430,User_2430,Pune,Gold
2431,User_2431,Hyderabad,Regular
2432,User_2432,Pune,Regular
2433,User_2433,Hyderabad,Regular
2434,User_2434,Hyderabad,Regular
2435,User_2435,Hyderabad,Regular
2436,User_2436,Chennai,Gold
2437,User_2437,Pune,Gold
2438,User_2438,Pune,Gold
2439,User_2439,Chennai,Gold
2440,User_2440,Pune,Regular
2441,User_2441,Bangalore,Regular
2442,User_2442,Hyderabad,Regular
2443,User_2443,Pune,Regular
2444,User_2444,Bangalore,Regular
2445,User_2445,Chennai,Gold
2446,User_2446,Bangalore,Gold
2447,User_2447,Chennai,Regular
2448,User_2448,Hyderabad,Regular
2449,User_2449,Pune,Gold
2450,User_2450,Bangalore,Regular
2451,User_2451,Pune,Regular
2452,User_2452,Pune,Gold
2453,User_2453,Pune,Regular
2454,User_2454,Chennai,Regular
2455,User_2455,Hyderabad,Gold
2456,User_2456,Bangalore,Gold
2457,User_2457,Chennai,Gold
2458,User_2458,Bangalore,Gold
2459,User_2459,Pune,Gold
2460,User_2460,Pune,Gold
2461,User_2461,Bangalore,Gold
2462,User_2462,Chennai,Gold
2463,User_2463,Chennai,Gold
2464,User_2464,Pune,Gold
2465,User_2465,Hyderabad,Gold
2466,User_2466,Hyderabad,Gold
2467,User_2467,Hyderabad,Gold
2468,User_2468,Hyderabad,Gold
2469,User_2469,Bangalore,Gold
2470,User_2470,Hyderabad,Regular
2471,User_2471,Pune,Gold
2472,User_2472,Bangalore,Gold
2473,User_2473,Hyderabad,Regular
2474,User_2474,Chennai,Gold
2475,User_2475,Pune,Gold
2476,User_2476,Pune,Regular
2477,User_2477,Bangalore,Gold
2478,User_2478,Chennai,Gold
2479,User_2479,Bangalore,Regular
2480,User_2480,Hyderabad,Regular
2481,User_2481,Bangalore,Gold
2482,User_2482,Chennai,Regular
2483,User_2483,Pune,Gold
2484,User_2484,Chennai,Regular
2485,User_2485,Chennai,Gold
2486,User_2486,Hyderabad,Regular
2487,User_2487,Hyderabad,Gold
2488,User_2488,Hyderabad,Regular
2489,User_2489,Hyderabad,Regular
2490,User_2490,Pune,Gold
2491,User_2491,Bangalore,Gold
2492,User_2492,Bangalore,Regular
2493,User_2493,Pune,Gold
2494,User_2494,Chennai,Regular
2495,User_2495,Pune,Regular
2496,User_2496,Chennai,Gold
2497,User_2497,Hyderabad,Gold
2498,User_2498,Bangalore,Regular
2499,User_2499,Chennai,Regular
2500,User_2500,Chennai,Gold
2501,User_2501,Chennai,Gold
2502,User_2502,Bangalore,Regular
2503,User_2503,Bangalore,Regular
2504,User_2504,Hyderabad,Regular
2505,User_2505,Bangalore,Gold
2506,User_2506,Bangalore,Gold
2507,User_2507,Hyderabad,Regular
2508,User_2508,Hyderabad,Regular
2509,User_2509,Pune,Gold
2510,User_2510,Bangalore,Gold
2511,User_2511,Chennai,Gold
2512,User_2512,Bangalore,Regular
2513,User_2513,Bangalore,Regular
2514,User_2514,Pune,Regular
2515,User_2515,Pune,Regular
2516,User_2516,Chennai,Gold
2517,User_2517,Pune,Gold
2518,User_2518,Chennai,Regular
2519,User_2519,Chennai,Gold
2520,User_2520,Hyderabad,Gold
2521,User_2521,Hyderabad,Gold
2522,User_2522,Chennai,Regular
2523,User_2523,Pune,Gold
2524,User_2524,Hyderabad,Regular
2525,User_2525,Chennai,Regular
2526,User_2526,Pune,Regular
2527,User_2527,Bangalore,Gold
2528,User_2528,Hyderabad,Gold
2529,User_2529,Bangalore,Regular
2530,User_2530,Bangalore,Regular
2531,User_2531,Hyderabad,Gold
2532,User_2532,Hyderabad,Gold
2533,User_2533,Pune,Regular
2534,User_2534,Bangalore,Regular
2535,User_2535,Chennai,Gold
2536,User_2536,Bangalore,Gold
2537,User_2537,Hyderabad,Gold
2538,User_2538,Hyderabad,Gold
2539,User_2539,Hyderabad,Regular
2540,User_2540,Pune,Regular
2541,User_2541,Pune,Regular
2542,User_2542,Pune,Gold
2543,User_2543,Pune,Regular
2544,User_2544,Hyderabad,Gold
2545,User_2545,Hyderabad,Gold
2546,User_2546,Chennai,Gold
2547,User_2547,Chennai,Regular
2548,User_2548,Pune,Regular
2549,User_2549,Hyderabad,Regular
2550,User_2550,Pune,Gold
2551,User_2551,Pune,Gold
2552,User_2552,Hyderabad,Gold
2553,User_2553,Chennai,Gold
2554,User_2554,Hyderabad,Gold
2555,User_2555,Bangalore,Regular
2556,User_2556,Chennai,Gold
2557,User_2557,Chennai,Gold
2558,User_2558,Hyderabad,Gold
2559,User_2559,Bangalore,Regular
2560,User_2560,Pune,Gold
2561,User_2561,Hyderabad,Regular
2562,User_2562,Pune,Regular
2563,User_2563,Hyderabad,Regular
2564,User_2564,Pune,Gold
2565,User_2565,Pune,Regular
2566,User_2566,Bangalore,Gold
2567,User_2567,Bangalore,Gold
2568,User_2568,Bangalore,Gold
2569,User_2569,Bangalore,Gold
2570,User_2570,Bangalore,Regular
2571,User_2571,Pune,Gold
2572,User_2572,Bangalore,Regular
2573,User_2573,Hyderabad,Gold
2574,User_2574,Pune,Gold
2575,User_2575,Hyderabad,Regular
2576,User_2576,Pune,Gold
2577,User_2577,Pune,Regular
2578,User_2578,Hyderabad,Regular
2579,User_2579,Bangalore,Gold
2580,User_2580,Chennai,Gold
2581,User_2581,Pune,Gold
2582,User_2582,Hyderabad,Gold
2583,User_2583,Chennai,Gold
2584,User_2584,Pune,Gold
2585,User_2585,Pune,Gold
2586,User_2586,Hyderabad,Regular
2587,User_2587,Bangalore,Gold
2588,User_2588,Hyderabad,Regular
2589,User_2589,Bangalore,Gold
2590,User_2590,Bangalore,Regular
2591,User_2591,Pune,Regular
2592,User_2592,Hyderabad,Regular
2593,User_2593,Pune,Regular
2594,User_2594,Pune,Regular
2595,User_2595,Bangalore,Regular
2596,User_2596,Pune,Regular
2597,User_2597,Pune,Gold
2598,User_2598,Hyderabad,Regular
2599,User_2599,Bangalore,Gold
2600,User_2600,Pune,Gold
2601,User_2601,Bangalore,Gold
2602,User_2602,Bangalore,Gold
2603,User_2603,Bangalore,Regular
2604,User_2604,Hyderabad,Gold
2605,User_2605,Hyderabad,Gold
2606,User_2606,Bangalore,Regular
2607,User_2607,Hyderabad,Gold
2608,User_2608,Chennai,Gold
2609,User_2609,Hyderabad,Gold
2610,User_2610,Pune,Regular
2611,User_2611,Hyderabad,Gold
2612,User_2612,Hyderabad,Regular
2613,User_2613,Bangalore,Regular
2614,User_2614,Pune,Gold
2615,User_2615,Bangalore,Regular
2616,User_2616,Chennai,Gold
2617,User_2617,Chennai,Regular
2618,User_2618,Chennai,Gold
2619,User_2619,Bangalore,Regular
2620,User_2620,Pune,Gold
2621,User_2621,Hyderabad,Regular
2622,User_2622,Pune,Regular
2623,User_2623,Pune,Gold
2624,User_2624,Hyderabad,Regular
2625,User_2625,Bangalore,Gold
2626,User_2626,Bangalore,Gold
2627,User_2627,Bangalore,Gold
2628,User_2628,Hyderabad,Regular
2629,User_2629,Bangalore,Regular
2630,User_2630,Hyderabad,Gold
2631,User_2631,Bangalore,Regular
2632,User_2632,Pune,Regular
2633,User_2633,Hyderabad,Gold
2634,User_2634,Chennai,Regular
2635,User_2635,Hyderabad,Gold
2636,User_2636,Hyderabad,Regular
2637,User_2637,Hyderabad,Regular
2638,User_2638,Bangalore,Gold
2639,User_2639,Chennai,Regular
2640,User_2640,Bangalore,Gold
2641,User_2641,Chennai,Regular
2642,User_2642,Pune,Gold
2643,User_2643,Chennai,Regular
2644,User_2644,Pune,Regular
2645,User_2645,Chennai,Regular
2646,User_2646,Hyderabad,Gold
2647,User_2647,Hyderabad,Gold
2648,User_2648,Hyderabad,Regular
2649,User_2649,Hyderabad,Gold
2650,User_2650,Hyderabad,Gold
2651,User_2651,Pune,Gold
2652,User_2652,Pune,Regular
2653,User_2653,Bangalore,Gold
2654,User_2654,Chennai,Regular
2655,User_2655,Bangalore,Regular
2656,User_2656,Bangalore,Gold
2657,User_2657,Bangalore,Regular
2658,User_2658,Bangalore,Regular
2659,User_2659,Hyderabad,Gold
2660,User_2660,Bangalore,Gold
2661,User_2661,Chennai,Gold
2662,User_2662,Chennai,Regular
2663,User_2663,Chennai,Regular
2664,User_2664,Hyderabad,Regular
2665,User_2665,Chennai,Gold
2666,User_2666,Chennai,Gold
2667,User_2667,Pune,Gold
2668,User_2668,Pune,Regular
2669,User_2669,Chennai,Regular
2670,User_2670,Pune,Gold
2671,User_2671,Bangalore,Gold
2672,User_2672,Pune,Regular
2673,User_2673,Bangalore,Gold
2674,User_2674,Hyderabad,Gold
2675,User_2675,Hyderabad,Gold
2676,User_2676,Hyderabad,Gold
2677,User_2677,Pune,Regular
2678,User_2678,Hyderabad,Regular
2679,User_2679,Pune,Gold
2680,User_2680,Bangalore,Gold
2681,User_2681,Chennai,Gold
2682,User_2682,Chennai,Gold
2683,User_2683,Pune,Gold
2684,User_2684,Pune,Regular
2685,User_2685,Hyderabad,Gold
2686,User_2686,Hyderabad,Gold
2687,User_2687,Bangalore,Regular
2688,User_2688,Bangalore,Regular
2689,User_2689,Bangalore,Regular
2690,User_2690,Hyderabad,Regular
2691,User_2691,Hyderabad,Gold
2692,User_2692,Pune,Gold
2693,User_2693,Pune,Regular
2694,User_2694,Bangalore,Regular
2695,User_2695,Pune,Regular
2696,User_2696,Hyderabad,Regular
2697,User_2697,Bangalore,Gold
2698,User_2698,Hyderabad,Regular
2699,User_2699,Hyderabad,Regular
2700,User_2700,Chennai,Gold
2701,User_2701,Chennai,Gold
2702,User_2702,Pune,Gold
2703,User_2703,Chennai,Regular
2704,User_2704,Pune,Gold
2705,User_2705,Pune,Regular
2706,User_2706,Hyderabad,Regular
2707,User_2707,Bangalore,Gold
2708,User_2708,Bangalore,Gold
2709,User_2709,Bangalore,Gold
2710,User_2710,Bangalore,Gold
2711,User_2711,Bangalore,Gold
2712,User_2712,Pune,Regular
2713,User_2713,Bangalore,Gold
2714,User_2714,Chennai,Regular
2715,User_2715,Bangalore,Gold
2716,User_2716,Pune,Regular
2717,User_2717,Bangalore,Regular
2718,User_2718,Hyderabad,Regular
2719,User_2719,Bangalore,Regular
2720,User_2720,Chennai,Gold
2721,User_2721,Hyderabad,Gold
2722,User_2722,Pune,Gold
2723,User_2723,Chennai,Regular
2724,User_2724,Chennai,Gold
2725,User_2725,Bangalore,Gold
2726,User_2726,Bangalore,Regular
2727,User_2727,Chennai,Regular
2728,User_2728,Pune,Regular
2729,User_2729,Hyderabad,Gold
2730,User_2730,Bangalore,Regular
2731,User_2731,Pune,Gold
2732,User_2732,Hyderabad,Regular
2733,User_2733,Hyderabad,Gold
2734,User_2734,Bangalore,Regular
2735,User_2735,Chennai,Gold
2736,User_2736,Chennai,Gold
2737,User_2737,Hyderabad,Regular
2738,User_2738,Pune,Gold
2739,User_2739,Pune,Gold
2740,User_2740,Hyderabad,Regular
2741,User_2741,Pune,Regular
2742,User_2742,Hyderabad,Gold
2743,User_2743,Hyderabad,Regular
2744,User_2744,Hyderabad,Gold
2745,User_2745,Pune,Regular
2746,User_2746,Bangalore,Regular
2747,User_2747,Chennai,Regular
2748,User_2748,Hyderabad,Regular
2749,User_2749,Pune,Regular
2750,User_2750,Chennai,Gold
2751,User_2751,Bangalore,Gold
2752,User_2752,Bangalore,Gold
2753,User_2753,Bangalore,Regular
2754,User_2754,Bangalore,Regular
2755,User_2755,Pune,Regular
2756,User_2756,Pune,Gold
2757,User_2757,Chennai,Gold
2758,User_2758,Hyderabad,Gold
2759,User_2759,Hyderabad,Regular
2760,User_2760,Hyderabad,Regular
2761,User_2761,Chennai,Regular
2762,User_2762,Pune,Gold
2763,User_2763,Bangalore,Regular
2764,User_2764,Pune,Gold
2765,User_2765,Chennai,Gold
2766,User_2766,Bangalore,Gold
2767,User_2767,Hyderabad,Regular
2768,User_2768,Chennai,Regular
2769,User_2769,Hyderabad,Regular
2770,User_2770,Hyderabad,Regular
2771,User_2771,Chennai,Regular
2772,User_2772,Bangalore,Gold
2773,User_2773,Pune,Gold
2774,User_2774,Bangalore,Gold
2775,User_2775,Bangalore,Gold
2776,User_2776,Chennai,Gold
2777,User_2777,Chennai,Gold
2778,User_2778,Hyderabad,Regular
2779,User_2779,Chennai,Gold
2780,User_2780,Bangalore,Regular
2781,User_2781,Pune,Gold
2782,User_2782,Pune,Gold
2783,User_2783,Bangalore,Regular
2784,User_2784,Hyderabad,Regular
2785,User_2785,Pune,Gold
2786,User_2786,Bangalore,Regular
2787,User_2787,Pune,Regular
2788,User_2788,Hyderabad,Regular
2789,User_2789,Hyderabad,Regular
2790,User_2790,Hyderabad,Regular
2791,User_2791,Hyderabad,Gold
2792,User_2792,Chennai,Regular
2793,User_2793,Bangalore,Gold
2794,User_2794,Pune,Regular
2795,User_2795,Pune,Regular
2796,User_2796,Bangalore,Gold
2797,User_2797,Hyderabad,Gold
2798,User_2798,Pune,Regular
2799,User_2799,Bangalore,Gold
2800,User_2800,Chennai,Regular
2801,User_2801,Pune,Regular
2802,User_2802,Hyderabad,Gold
2803,User_2803,Chennai,Gold
2804,User_2804,Hyderabad,Regular
2805,User_2805,Bangalore,Regular
2806,User_2806,Bangalore,Gold
2807,User_2807,Pune,Gold
2808,User_2808,Hyderabad,Regular
2809,User_2809,Chennai,Regular
2810,User_2810,Bangalore,Regular
2811,User_2811,Bangalore,Gold
2812,User_2812,Hyderabad,Gold
2813,User_2813,Chennai,Gold
2814,User_2814,Bangalore,Regular
2815,User_2815,Chennai,Regular
2816,User_2816,Chennai,Regular
2817,User_2817,Pune,Regular
2818,User_2818,Pune,Gold
2819,User_2819,Hyderabad,Gold
2820,User_2820,Pune,Regular
2821,User_2821,Hyderabad,Gold
2822,User_2822,Bangalore,Regular
2823,User_2823,Hyderabad,Regular
2824,User_2824,Bangalore,Regular
2825,User_2825,Bangalore,Regular
2826,User_2826,Chennai,Gold
2827,User_2827,Pune,Gold
2828,User_2828,Pune,Regular
2829,User_2829,Bangalore,Regular
2830,User_2830,Pune,Gold
2831,User_2831,Hyderabad,Regular
2832,User_2832,Hyderabad,Gold
2833,User_2833,Chennai,Gold
2834,User_2834,Chennai,Regular
2835,User_2835,Bangalore,Gold
2836,User_2836,Pune,Gold
2837,User_2837,Hyderabad,Gold
2838,User_2838,Hyderabad,Gold
2839,User_2839,Bangalore,Regular
2840,User_2840,Bangalore,Gold
2841,User_2841,Hyderabad,Gold
2842,User_2842,Chennai,Gold
2843,User_2843,Hyderabad,Gold
2844,User_2844,Chennai,Regular
2845,User_2845,Pune,Gold
2846,User_2846,Bangalore,Gold
2847,User_2847,Bangalore,Regular
2848,User_2848,Hyderabad,Gold
2849,User_2849,Pune,Regular
2850,User_2850,Hyderabad,Gold
2851,User_2851,Chennai,Gold
2852,User_2852,Pune,Regular
2853,User_2853,Chennai,Regular
2854,User_2854,Hyderabad,Regular
2855,User_2855,Chennai,Gold
2856,User_2856,Hyderabad,Regular
2857,User_2857,Chennai,Gold
2858,User_2858,Hyderabad,Regular
2859,User_2859,Hyderabad,Regular
2860,User_2860,Hyderabad,Regular
2861,User_2861,Pune,Gold
2862,User_2862,Pune,Regular
2863,User_2863,Bangalore,Regular
2864,User_2864,Chennai,Gold
2865,User_2865,Hyderabad,Regular
2866,User_2866,Hyderabad,Regular
2867,User_2867,Bangalore,Regular
2868,User_2868,Hyderabad,Regular
2869,User_2869,Bangalore,Regular
2870,User_2870,Bangalore,Regular
2871,User_2871,Hyderabad,Gold
2872,User_2872,Pune,Gold
2873,User_2873,Pune,Gold
2874,User_2874,Hyderabad,Regular
2875,User_2875,Hyderabad,Gold
2876,User_2876,Hyderabad,Gold
2877,User_2877,Chennai,Gold
2878,User_2878,Bangalore,Gold
2879,User_2879,Pune,Gold
2880,User_2880,Pune,Gold
2881,User_2881,Pune,Regular
2882,User_2882,Pune,Gold
2883,User_2883,Chennai,Regular
2884,User_2884,Bangalore,Gold
2885,User_2885,Hyderabad,Gold
2886,User_2886,Bangalore,Regular
2887,User_2887,Chennai,Regular
2888,User_2888,Chennai,Gold
2889,User_2889,Chennai,Gold
2890,User_2890,Bangalore,Regular
2891,User_2891,Chennai,Gold
2892,User_2892,Hyderabad,Gold
2893,User_2893,Hyderabad,Gold
2894,User_2894,Pune,Gold
2895,User_2895,Chennai,Gold
2896,User_2896,Bangalore,Gold
2897,User_2897,Bangalore,Gold
2898,User_2898,Hyderabad,Regular
2899,User_2899,Bangalore,Regular
2900,User_2900,Pune,Gold
2901,User_2901,Hyderabad,Regular
2902,User_2902,Hyderabad,Regular
2903,User_2903,Bangalore,Regular
2904,User_2904,Chennai,Regular
2905,User_2905,Pune,Gold
2906,User_2906,Hyderabad,Regular
2907,User_2907,Hyderabad,Regular
2908,User_2908,Pune,Gold
2909,User_2909,Chennai,Regular
2910,User_2910,Hyderabad,Regular
2911,User_2911,Pune,Regular
2912,User_2912,Hyderabad,Gold
2913,User_2913,Pune,Gold
2914,User_2914,Pune,Regular
2915,User_2915,Chennai,Gold
2916,User_2916,Bangalore,Regular
2917,User_2917,Bangalore,Gold
2918,User_2918,Hyderabad,Regular
2919,User_2919,Bangalore,Gold
2920,User_2920,Bangalore,Gold
2921,User_2921,Hyderabad,Regular
2922,User_2922,Chennai,Gold
2923,User_2923,Hyderabad,Regular
2924,User_2924,Hyderabad,Gold
2925,User_2925,Bangalore,Regular
2926,User_2926,Hyderabad,Regular
2927,User_2927,Bangalore,Gold
2928,User_2928,Pune,Gold
2929,User_2929,Bangalore,Regular
2930,User_2930,Bangalore,Regular
2931,User_2931,Chennai,Regular
2932,User_2932,Chennai,Gold
2933,User_2933,Chennai,Regular
2934,User_2934,Hyderabad,Gold
2935,User_2935,Hyderabad,Gold
2936,User_2936,Hyderabad,Regular
2937,User_2937,Hyderabad,Regular
2938,User_2938,Bangalore,Regular
2939,User_2939,Pune,Regular
2940,User_2940,Chennai,Regular
2941,User_2941,Bangalore,Regular
2942,User_2942,Bangalore,Regular
2943,User_2943,Pune,Regular
2944,User_2944,Hyderabad,Gold
2945,User_2945,Pune,Regular
2946,User_2946,Chennai,Gold
2947,User_2947,Pune,Regular
2948,User_2948,Hyderabad,Gold
2949,User_2949,Bangalore,Gold
2950,User_2950,Hyderabad,Gold
2951,User_2951,Bangalore,Regular
2952,User_2952,Pune,Gold
2953,User_2953,Bangalore,Regular
2954,User_2954,Chennai,Gold
2955,User_2955,Bangalore,Gold
2956,User_2956,Hyderabad,Regular
2957,User_2957,Hyderabad,Regular
2958,User_2958,Pune,Gold
2959,User_2959,Hyderabad,Gold
2960,User_2960,Pune,Gold
2961,User_2961,Bangalore,Gold
2962,User_2962,Chennai,Gold
2963,User_2963,Pune,Regular
2964,User_2964,Hyderabad,Gold
2965,User_2965,Chennai,Regular
2966,User_2966,Pune,Regular
2967,User_2967,Bangalore,Regular
2968,User_2968,Chennai,Regular
2969,User_2969,Hyderabad,Gold
2970,User_2970,Chennai,Regular
2971,User_2971,Hyderabad,Regular
2972,User_2972,Bangalore,Regular
2973,User_2973,Hyderabad,Gold
2974,User_2974,Bangalore,Regular
2975,User_2975,Chennai,Gold
2976,User_2976,Pune,Regular
2977,User_2977,Chennai,Gold
2978,User_2978,Pune,Regular
2979,User_2979,Chennai,Gold
2980,User_2980,Pune,Gold
2981,User_2981,Chennai,Gold
2982,User_2982,Chennai,Gold
2983,User_2983,Bangalore,Regular
2984,User_2984,Hyderabad,Regular
2985,User_2985,Hyderabad,Regular
2986,User_2986,Hyderabad,Regular
2987,User_2987,Pune,Gold
2988,User_2988,Pune,Gold
2989,User_2989,Pune,Gold
2990,User_2990,Bangalore,Gold
2991,User_2991,Pune,Gold
2992,User_2992,Bangalore,Regular
2993,User_2993,Chennai,Gold
2994,User_2994,Bangalore,Gold
2995,User_2995,Chennai,Regular
2996,User_2996,Hyderabad,Gold
2997,User_2997,Hyderabad,Regular
2998,User_2998,Bangalore,Regular
2999,User_2999,Pune,Regular
3000,User_3000,Hyderabad,Gold
